suspicious,source,score
suspicious-document00005.txt,source-document01976.txt,0.424293405114401
suspicious-document00007.txt,source-document05153.txt,0.4296875
suspicious-document00010.txt,source-document02072.txt,0.4192771084337349
suspicious-document00011.txt,source-document09660.txt,0.41174389812522105
suspicious-document00012.txt,source-document10586.txt,0.41546922121695945
suspicious-document00014.txt,source-document08600.txt,0.4259227759823099
suspicious-document00015.txt,source-document00657.txt,0.4204255319148936
suspicious-document00016.txt,source-document07292.txt,0.4227669576897246
suspicious-document00020.txt,source-document03012.txt,0.4186789772727273
suspicious-document00024.txt,source-document06238.txt,0.42169092169092165
suspicious-document00025.txt,source-document01959.txt,0.417634996582365
suspicious-document00026.txt,source-document02913.txt,0.39387308533916854
suspicious-document00027.txt,source-document00753.txt,0.4166094715168154
suspicious-document00029.txt,source-document08270.txt,0.41382765531062127
suspicious-document00033.txt,source-document00753.txt,0.4065804935370153
suspicious-document00034.txt,source-document03536.txt,0.41475765613696647
suspicious-document00036.txt,source-document10092.txt,0.42171628721541154
suspicious-document00037.txt,source-document04496.txt,0.42093940480458947
suspicious-document00038.txt,source-document03417.txt,0.4085167809455071
suspicious-document00040.txt,source-document09565.txt,0.4273564847625797
suspicious-document00041.txt,source-document06060.txt,0.4147529575504524
suspicious-document00045.txt,source-document05432.txt,0.43327495621716283
suspicious-document00046.txt,source-document10331.txt,0.4255829903978052
suspicious-document00048.txt,source-document08000.txt,0.4209804593760713
suspicious-document00049.txt,source-document00970.txt,0.42677222022310185
suspicious-document00052.txt,source-document08611.txt,0.42539569624755474
suspicious-document00054.txt,source-document03603.txt,0.41506825643684114
suspicious-document00055.txt,source-document01444.txt,0.4208791208791208
suspicious-document00057.txt,source-document05074.txt,0.4244774106540796
suspicious-document00059.txt,source-document00962.txt,0.4208572392845089
suspicious-document00063.txt,source-document03675.txt,0.42523203850120317
suspicious-document00068.txt,source-document07915.txt,0.4197260273972603
suspicious-document00069.txt,source-document06022.txt,0.417372101582628
suspicious-document00075.txt,source-document08312.txt,0.4227359638449505
suspicious-document00076.txt,source-document02804.txt,0.4274293835494759
suspicious-document00077.txt,source-document11093.txt,0.4307800421644414
suspicious-document00078.txt,source-document07985.txt,0.414378612716763
suspicious-document00079.txt,source-document10737.txt,0.4235335195530726
suspicious-document00080.txt,source-document00411.txt,0.41450044208664893
suspicious-document00083.txt,source-document01127.txt,0.41967473224910745
suspicious-document00086.txt,source-document09692.txt,0.4244493768140687
suspicious-document00087.txt,source-document08866.txt,0.419783726289665
suspicious-document00092.txt,source-document09910.txt,0.4220963172804532
suspicious-document00093.txt,source-document10521.txt,0.4247974638957379
suspicious-document00094.txt,source-document07765.txt,0.42307692307692313
suspicious-document00096.txt,source-document07336.txt,0.4185656836461126
suspicious-document00098.txt,source-document03164.txt,0.41942758022549875
suspicious-document00099.txt,source-document02972.txt,0.43204626637183197
suspicious-document00100.txt,source-document03998.txt,0.42144041259900533
suspicious-document00101.txt,source-document04454.txt,0.42807505211952745
suspicious-document00102.txt,source-document01507.txt,0.41639400723265024
suspicious-document00103.txt,source-document00797.txt,0.4299065420560748
suspicious-document00106.txt,source-document03416.txt,0.42730071843995904
suspicious-document00107.txt,source-document01169.txt,0.4213387699626232
suspicious-document00108.txt,source-document00263.txt,0.4281345565749235
suspicious-document00109.txt,source-document07246.txt,0.4193604752752053
suspicious-document00112.txt,source-document09103.txt,0.41194539249146755
suspicious-document00113.txt,source-document06368.txt,0.4187393526405452
suspicious-document00115.txt,source-document10416.txt,0.4225883968417439
suspicious-document00119.txt,source-document02072.txt,0.42351299494156636
suspicious-document00122.txt,source-document04695.txt,0.4245445170161568
suspicious-document00126.txt,source-document00026.txt,0.42989653942204775
suspicious-document00127.txt,source-document02462.txt,0.41631054131054135
suspicious-document00131.txt,source-document03011.txt,0.4127471029311521
suspicious-document00133.txt,source-document07214.txt,0.42704987320371934
suspicious-document00134.txt,source-document04872.txt,0.4282530430310303
suspicious-document00137.txt,source-document05951.txt,0.4226804123711341
suspicious-document00139.txt,source-document06807.txt,0.41777454015661997
suspicious-document00141.txt,source-document08328.txt,0.42107130188009934
suspicious-document00145.txt,source-document10362.txt,0.41258992805755396
suspicious-document00146.txt,source-document10273.txt,0.4247519757861107
suspicious-document00148.txt,source-document03536.txt,0.41652441106179583
suspicious-document00149.txt,source-document07281.txt,0.4155623513421679
suspicious-document00150.txt,source-document10183.txt,0.4221251819505094
suspicious-document00152.txt,source-document02935.txt,0.4235915492957747
suspicious-document00155.txt,source-document06238.txt,0.4204842361957846
suspicious-document00158.txt,source-document01972.txt,0.4150677697588453
suspicious-document00165.txt,source-document03485.txt,0.4120898100172712
suspicious-document00167.txt,source-document00138.txt,0.4180790960451978
suspicious-document00168.txt,source-document02423.txt,0.43385515224496823
suspicious-document00170.txt,source-document05781.txt,0.4249161814010941
suspicious-document00173.txt,source-document07377.txt,0.4233913970849626
suspicious-document00175.txt,source-document05740.txt,0.4223079621185549
suspicious-document00176.txt,source-document04850.txt,0.4190188172043011
suspicious-document00177.txt,source-document07280.txt,0.40780386740331487
suspicious-document00179.txt,source-document05014.txt,0.41333333333333333
suspicious-document00180.txt,source-document04364.txt,0.4188557034904642
suspicious-document00183.txt,source-document01983.txt,0.41540338037985713
suspicious-document00185.txt,source-document04877.txt,0.42027946972411323
suspicious-document00186.txt,source-document03705.txt,0.4233003074820636
suspicious-document00187.txt,source-document09734.txt,0.41741792821908486
suspicious-document00192.txt,source-document00795.txt,0.41943000537730785
suspicious-document00193.txt,source-document01080.txt,0.4227843622855121
suspicious-document00194.txt,source-document08440.txt,0.4159211247033048
suspicious-document00203.txt,source-document00257.txt,0.42334289087535837
suspicious-document00208.txt,source-document05710.txt,0.4237140366172623
suspicious-document00213.txt,source-document05920.txt,0.411340206185567
suspicious-document00214.txt,source-document01127.txt,0.4241251978195886
suspicious-document00215.txt,source-document07518.txt,0.42270450751252087
suspicious-document00216.txt,source-document06384.txt,0.4036859826333511
suspicious-document00217.txt,source-document02972.txt,0.4275763529201642
suspicious-document00219.txt,source-document08719.txt,0.41562790697674423
suspicious-document00220.txt,source-document06197.txt,0.4173823428375128
suspicious-document00221.txt,source-document05564.txt,0.40230091677152613
suspicious-document00223.txt,source-document01074.txt,0.41780581843673326
suspicious-document00225.txt,source-document03080.txt,0.4148230088495575
suspicious-document00227.txt,source-document01169.txt,0.4115876598946576
suspicious-document00233.txt,source-document03835.txt,0.4219158960041878
suspicious-document00235.txt,source-document07870.txt,0.4103887168902649
suspicious-document00237.txt,source-document04725.txt,0.4114038253338145
suspicious-document00239.txt,source-document05797.txt,0.4231943031536114
suspicious-document00242.txt,source-document10969.txt,0.41908423628102065
suspicious-document00243.txt,source-document09937.txt,0.41090722003086944
suspicious-document00244.txt,source-document04151.txt,0.42075637642919955
suspicious-document00247.txt,source-document05119.txt,0.42446647622248357
suspicious-document00250.txt,source-document08602.txt,0.42087370389257184
suspicious-document00251.txt,source-document00575.txt,0.4204255319148936
suspicious-document00252.txt,source-document08283.txt,0.42486338797814205
suspicious-document00254.txt,source-document06151.txt,0.428328804347826
suspicious-document00255.txt,source-document00795.txt,0.4164859002169198
suspicious-document00256.txt,source-document07358.txt,0.41350067842605154
suspicious-document00258.txt,source-document04099.txt,0.42243521476748314
suspicious-document00260.txt,source-document06738.txt,0.42698191933240615
suspicious-document00261.txt,source-document07652.txt,0.4186684969114619
suspicious-document00265.txt,source-document06970.txt,0.42332022567960337
suspicious-document00266.txt,source-document04356.txt,0.41665202880730723
suspicious-document00267.txt,source-document00701.txt,0.4025473437238143
suspicious-document00269.txt,source-document09832.txt,0.4206993995054751
suspicious-document00270.txt,source-document05592.txt,0.42470760233918126
suspicious-document00273.txt,source-document08112.txt,0.4163430693905116
suspicious-document00274.txt,source-document07873.txt,0.42532523850823933
suspicious-document00277.txt,source-document05155.txt,0.4223644324688447
suspicious-document00283.txt,source-document02048.txt,0.4142295194116641
suspicious-document00286.txt,source-document05872.txt,0.41660875608061154
suspicious-document00287.txt,source-document04414.txt,0.42059145673603504
suspicious-document00288.txt,source-document02701.txt,0.42464358452138495
suspicious-document00289.txt,source-document02414.txt,0.42130097741826766
suspicious-document00293.txt,source-document09799.txt,0.4207774097960607
suspicious-document00294.txt,source-document02508.txt,0.4166951761888471
suspicious-document00295.txt,source-document11022.txt,0.42699772687532783
suspicious-document00302.txt,source-document10525.txt,0.4202698028363889
suspicious-document00305.txt,source-document01507.txt,0.4258432982330894
suspicious-document00307.txt,source-document01540.txt,0.41871138570167704
suspicious-document00310.txt,source-document05993.txt,0.42365700728690053
suspicious-document00311.txt,source-document07822.txt,0.42078100808532604
suspicious-document00312.txt,source-document05592.txt,0.4218430034129693
suspicious-document00313.txt,source-document09089.txt,0.4250737975342942
suspicious-document00314.txt,source-document01280.txt,0.417022792022792
suspicious-document00315.txt,source-document09338.txt,0.41366289049090293
suspicious-document00319.txt,source-document06744.txt,0.4273684210526316
suspicious-document00321.txt,source-document07317.txt,0.42824995672494365
suspicious-document00322.txt,source-document05765.txt,0.4191029598692573
suspicious-document00323.txt,source-document07695.txt,0.4250907205806117
suspicious-document00326.txt,source-document06738.txt,0.42112506451057974
suspicious-document00327.txt,source-document05102.txt,0.4173117522871217
suspicious-document00328.txt,source-document08986.txt,0.41932168550873583
suspicious-document00330.txt,source-document00257.txt,0.4233151183970855
suspicious-document00331.txt,source-document09688.txt,0.4300034566194262
suspicious-document00332.txt,source-document10359.txt,0.4263148758896025
suspicious-document00333.txt,source-document10461.txt,0.41503084688726866
suspicious-document00334.txt,source-document05288.txt,0.415852141460814
suspicious-document00337.txt,source-document04175.txt,0.42123405722164775
suspicious-document00340.txt,source-document03998.txt,0.4229691876750701
suspicious-document00343.txt,source-document06154.txt,0.410312671420735
suspicious-document00345.txt,source-document05763.txt,0.42189728958630524
suspicious-document00346.txt,source-document09139.txt,0.4251914893617021
suspicious-document00348.txt,source-document08440.txt,0.41345480028030834
suspicious-document00349.txt,source-document02049.txt,0.4189896942051023
suspicious-document00351.txt,source-document09088.txt,0.4308121296619031
suspicious-document00352.txt,source-document05159.txt,0.4243574262549594
suspicious-document00353.txt,source-document04850.txt,0.42383419689119173
suspicious-document00354.txt,source-document01312.txt,0.42346061231510146
suspicious-document00360.txt,source-document00795.txt,0.42002485354162966
suspicious-document00367.txt,source-document02117.txt,0.41188318227593157
suspicious-document00369.txt,source-document01636.txt,0.4334061135371179
suspicious-document00371.txt,source-document03392.txt,0.41958762886597933
suspicious-document00372.txt,source-document06021.txt,0.4235619277940923
suspicious-document00373.txt,source-document10606.txt,0.42018819503849447
suspicious-document00375.txt,source-document06938.txt,0.42387543252595156
suspicious-document00377.txt,source-document04850.txt,0.42154654654654655
suspicious-document00381.txt,source-document06450.txt,0.4278455284552846
suspicious-document00383.txt,source-document07413.txt,0.4185629815445261
suspicious-document00384.txt,source-document05319.txt,0.42798353909465026
suspicious-document00386.txt,source-document04153.txt,0.4237047551454932
suspicious-document00388.txt,source-document04246.txt,0.4160193336785775
suspicious-document00390.txt,source-document05696.txt,0.4228650137741047
suspicious-document00391.txt,source-document01627.txt,0.4236588720770289
suspicious-document00393.txt,source-document01127.txt,0.4313460564093903
suspicious-document00394.txt,source-document01899.txt,0.4197613846412368
suspicious-document00398.txt,source-document07085.txt,0.4201853759011328
suspicious-document00400.txt,source-document04388.txt,0.4159086855716069
suspicious-document00402.txt,source-document01221.txt,0.4082062072593372
suspicious-document00403.txt,source-document00175.txt,0.42080965909090906
suspicious-document00407.txt,source-document09499.txt,0.4186833643594517
suspicious-document00414.txt,source-document09292.txt,0.41575187314863216
suspicious-document00417.txt,source-document07118.txt,0.42055282346956074
suspicious-document00418.txt,source-document00823.txt,0.41768450025804227
suspicious-document00420.txt,source-document08402.txt,0.42723318835731017
suspicious-document00421.txt,source-document00374.txt,0.42008974801518817
suspicious-document00422.txt,source-document06317.txt,0.40423317140874393
suspicious-document00423.txt,source-document05245.txt,0.41866897147796023
suspicious-document00426.txt,source-document07058.txt,0.4244505494505495
suspicious-document00432.txt,source-document09037.txt,0.422458062307429
suspicious-document00436.txt,source-document03416.txt,0.4242218064296649
suspicious-document00439.txt,source-document06242.txt,0.4167716393737628
suspicious-document00440.txt,source-document06259.txt,0.4238741958541815
suspicious-document00443.txt,source-document00452.txt,0.4247144340602284
suspicious-document00445.txt,source-document02721.txt,0.4277576385292594
suspicious-document00447.txt,source-document09089.txt,0.42038216560509556
suspicious-document00448.txt,source-document04780.txt,0.42112459408648095
suspicious-document00450.txt,source-document01740.txt,0.41729920564872025
suspicious-document00452.txt,source-document10269.txt,0.4207176948912852
suspicious-document00455.txt,source-document05432.txt,0.4310891787099048
suspicious-document00456.txt,source-document08883.txt,0.42854631745473726
suspicious-document00457.txt,source-document02804.txt,0.42460317460317465
suspicious-document00458.txt,source-document07740.txt,0.42660550458715596
suspicious-document00460.txt,source-document00681.txt,0.41279999999999994
suspicious-document00463.txt,source-document09791.txt,0.4237172952769283
suspicious-document00465.txt,source-document00254.txt,0.41782143483599365
suspicious-document00468.txt,source-document03304.txt,0.4165616561656166
suspicious-document00471.txt,source-document08543.txt,0.3942837465564738
suspicious-document00472.txt,source-document02072.txt,0.42271401612626525
suspicious-document00474.txt,source-document02252.txt,0.4179721122396282
suspicious-document00476.txt,source-document11057.txt,0.41654135338345866
suspicious-document00480.txt,source-document01444.txt,0.4237433522044947
suspicious-document00482.txt,source-document10827.txt,0.4216725559481743
suspicious-document00486.txt,source-document01036.txt,0.42377078174743543
suspicious-document00487.txt,source-document09033.txt,0.4220689655172414
suspicious-document00488.txt,source-document03680.txt,0.4228550829127613
suspicious-document00489.txt,source-document05108.txt,0.4172320217096337
suspicious-document00490.txt,source-document02031.txt,0.4110201042442293
suspicious-document00492.txt,source-document00281.txt,0.4237717372952895
suspicious-document00495.txt,source-document00153.txt,0.41037979034198313
suspicious-document00497.txt,source-document01983.txt,0.4201769911504425
suspicious-document00504.txt,source-document05432.txt,0.42909857670005264
suspicious-document00505.txt,source-document05055.txt,0.42697010869565216
suspicious-document00509.txt,source-document06164.txt,0.428994598362084
suspicious-document00510.txt,source-document07246.txt,0.413592585862257
suspicious-document00518.txt,source-document00153.txt,0.41532119546547575
suspicious-document00521.txt,source-document05982.txt,0.42152312188413277
suspicious-document00523.txt,source-document00040.txt,0.4224273028034129
suspicious-document00524.txt,source-document00763.txt,0.42300884955752216
suspicious-document00526.txt,source-document09198.txt,0.420999832803879
suspicious-document00527.txt,source-document01426.txt,0.4250894835520709
suspicious-document00528.txt,source-document10416.txt,0.4145441122185309
suspicious-document00532.txt,source-document09189.txt,0.42879999999999996
suspicious-document00534.txt,source-document00803.txt,0.42008797653958946
suspicious-document00535.txt,source-document00220.txt,0.4181124219292158
suspicious-document00536.txt,source-document08466.txt,0.42769649540660093
suspicious-document00537.txt,source-document00926.txt,0.41665233098228105
suspicious-document00538.txt,source-document07350.txt,0.4161373390557939
suspicious-document00539.txt,source-document04356.txt,0.41707317073170735
suspicious-document00545.txt,source-document09667.txt,0.42080965909090906
suspicious-document00546.txt,source-document00473.txt,0.420669325472516
suspicious-document00551.txt,source-document07364.txt,0.4248722917033645
suspicious-document00554.txt,source-document05245.txt,0.4226563900340563
suspicious-document00555.txt,source-document02590.txt,0.4189442156495694
suspicious-document00556.txt,source-document04678.txt,0.42022816277881836
suspicious-document00560.txt,source-document02574.txt,0.42016238159675234
suspicious-document00561.txt,source-document04226.txt,0.41464672511603917
suspicious-document00564.txt,source-document04209.txt,0.4227095861337106
suspicious-document00570.txt,source-document00849.txt,0.4229811454998222
suspicious-document00575.txt,source-document02913.txt,0.42119847592656734
suspicious-document00577.txt,source-document10586.txt,0.4215432418436043
suspicious-document00583.txt,source-document06811.txt,0.4306835971473299
suspicious-document00585.txt,source-document02447.txt,0.41078984485190406
suspicious-document00595.txt,source-document00540.txt,0.4205395996518712
suspicious-document00597.txt,source-document01925.txt,0.4202469994781701
suspicious-document00599.txt,source-document05112.txt,0.4188107002896575
suspicious-document00600.txt,source-document05710.txt,0.41789416257501366
suspicious-document00602.txt,source-document06998.txt,0.4191616766467065
suspicious-document00604.txt,source-document00077.txt,0.42166274225683753
suspicious-document00607.txt,source-document03405.txt,0.41692360397396366
suspicious-document00611.txt,source-document08410.txt,0.41845082680591816
suspicious-document00618.txt,source-document07831.txt,0.42160830547246175
suspicious-document00623.txt,source-document09605.txt,0.42417021276595746
suspicious-document00625.txt,source-document08642.txt,0.42396636299929924
suspicious-document00626.txt,source-document08900.txt,0.4344981924599759
suspicious-document00627.txt,source-document00779.txt,0.4193548387096774
suspicious-document00628.txt,source-document01540.txt,0.4184782608695652
suspicious-document00630.txt,source-document06301.txt,0.42259488084730795
suspicious-document00633.txt,source-document02072.txt,0.42685370741482964
suspicious-document00634.txt,source-document09799.txt,0.41754811860586094
suspicious-document00636.txt,source-document06242.txt,0.4225779275484415
suspicious-document00637.txt,source-document06941.txt,0.41044367354391087
suspicious-document00638.txt,source-document04249.txt,0.4203316510454218
suspicious-document00639.txt,source-document10992.txt,0.4267811158798283
suspicious-document00643.txt,source-document10239.txt,0.41543454742156505
suspicious-document00646.txt,source-document05432.txt,0.42139328904786233
suspicious-document00650.txt,source-document06775.txt,0.42396951853134746
suspicious-document00654.txt,source-document03834.txt,0.4235210516965713
suspicious-document00657.txt,source-document10404.txt,0.4169647419519673
suspicious-document00658.txt,source-document09499.txt,0.43241025641025643
suspicious-document00659.txt,source-document05259.txt,0.4145428622348957
suspicious-document00660.txt,source-document01823.txt,0.4135908934115212
suspicious-document00664.txt,source-document07335.txt,0.4209449087497868
suspicious-document00665.txt,source-document07389.txt,0.4214732453092426
suspicious-document00669.txt,source-document05743.txt,0.4231039325842697
suspicious-document00670.txt,source-document09210.txt,0.41513877207737593
suspicious-document00671.txt,source-document06154.txt,0.4230833752726053
suspicious-document00673.txt,source-document09103.txt,0.418829425451942
suspicious-document00674.txt,source-document07317.txt,0.4190208808562905
suspicious-document00675.txt,source-document00803.txt,0.42176614573526633
suspicious-document00679.txt,source-document05055.txt,0.41103448275862065
suspicious-document00680.txt,source-document08878.txt,0.4315553897799329
suspicious-document00681.txt,source-document03279.txt,0.4109445799930289
suspicious-document00682.txt,source-document00214.txt,0.4267655486263273
suspicious-document00683.txt,source-document05569.txt,0.4240483813589469
suspicious-document00687.txt,source-document04414.txt,0.42182188987083613
suspicious-document00690.txt,source-document09720.txt,0.42116146820610034
suspicious-document00692.txt,source-document10910.txt,0.4107396870554765
suspicious-document00695.txt,source-document00763.txt,0.42288642186165665
suspicious-document00697.txt,source-document07280.txt,0.4188277087033748
suspicious-document00698.txt,source-document06343.txt,0.4178850731043863
suspicious-document00700.txt,source-document10218.txt,0.40688362583063553
suspicious-document00701.txt,source-document10126.txt,0.4305235137533274
suspicious-document00702.txt,source-document08642.txt,0.4325691166554282
suspicious-document00705.txt,source-document09223.txt,0.4256410256410257
suspicious-document00706.txt,source-document01698.txt,0.416148023549201
suspicious-document00712.txt,source-document07630.txt,0.42382222222222216
suspicious-document00716.txt,source-document03135.txt,0.42578816861494867
suspicious-document00721.txt,source-document09688.txt,0.4185325525318636
suspicious-document00723.txt,source-document07273.txt,0.420909245700664
suspicious-document00724.txt,source-document07177.txt,0.41797911874004595
suspicious-document00725.txt,source-document00540.txt,0.42280701754385963
suspicious-document00726.txt,source-document06924.txt,0.42628039317123645
suspicious-document00728.txt,source-document00026.txt,0.4398046809227143
suspicious-document00730.txt,source-document04688.txt,0.4251054852320675
suspicious-document00732.txt,source-document00795.txt,0.41955617198335643
suspicious-document00740.txt,source-document07697.txt,0.4189765458422174
suspicious-document00741.txt,source-document09489.txt,0.4243574262549594
suspicious-document00743.txt,source-document10549.txt,0.42068237776996126
suspicious-document00744.txt,source-document07630.txt,0.41989732696052395
suspicious-document00748.txt,source-document10833.txt,0.42137824368448185
suspicious-document00749.txt,source-document05110.txt,0.4223715271472671
suspicious-document00750.txt,source-document07728.txt,0.41969876459637845
suspicious-document00751.txt,source-document00790.txt,0.41427595628415304
suspicious-document00752.txt,source-document05710.txt,0.4218916046758767
suspicious-document00753.txt,source-document06938.txt,0.42891901286061873
suspicious-document00754.txt,source-document09103.txt,0.4252140644926216
suspicious-document00755.txt,source-document04699.txt,0.4241251978195886
suspicious-document00758.txt,source-document07976.txt,0.41662425784563184
suspicious-document00759.txt,source-document06263.txt,0.41999317639031053
suspicious-document00763.txt,source-document00857.txt,0.41338854382332646
suspicious-document00764.txt,source-document01896.txt,0.4253032928942808
suspicious-document00765.txt,source-document04733.txt,0.4207086343309253
suspicious-document00767.txt,source-document03693.txt,0.4273795334581985
suspicious-document00769.txt,source-document08347.txt,0.41436179350627045
suspicious-document00770.txt,source-document00067.txt,0.42553191489361697
suspicious-document00774.txt,source-document10435.txt,0.4150493701055499
suspicious-document00775.txt,source-document04576.txt,0.412973340125658
suspicious-document00779.txt,source-document07695.txt,0.41698572920292376
suspicious-document00781.txt,source-document00686.txt,0.42015875946095627
suspicious-document00785.txt,source-document09493.txt,0.41962346125995653
suspicious-document00786.txt,source-document01248.txt,0.42397260273972603
suspicious-document00790.txt,source-document09813.txt,0.4183884297520662
suspicious-document00792.txt,source-document04126.txt,0.41925571867531586
suspicious-document00793.txt,source-document06775.txt,0.4250597473540457
suspicious-document00794.txt,source-document01926.txt,0.4171756431612067
suspicious-document00795.txt,source-document05255.txt,0.4258582907231556
suspicious-document00796.txt,source-document10043.txt,0.42506437768240346
suspicious-document00797.txt,source-document00275.txt,0.41432903714935554
suspicious-document00798.txt,source-document05920.txt,0.42349528643944884
suspicious-document00799.txt,source-document04877.txt,0.41210472628357697
suspicious-document00801.txt,source-document09189.txt,0.4199251955117307
suspicious-document00802.txt,source-document09516.txt,0.4197783461210571
suspicious-document00803.txt,source-document02095.txt,0.4216160220994475
suspicious-document00806.txt,source-document03881.txt,0.41293013555787283
suspicious-document00808.txt,source-document08000.txt,0.4222524668254508
suspicious-document00810.txt,source-document10155.txt,0.4148754691231662
suspicious-document00812.txt,source-document06935.txt,0.4216444132115249
suspicious-document00813.txt,source-document01113.txt,0.414161181284469
suspicious-document00814.txt,source-document00796.txt,0.4242738589211619
suspicious-document00821.txt,source-document10584.txt,0.4183512040780454
suspicious-document00823.txt,source-document09943.txt,0.4210169491525424
suspicious-document00827.txt,source-document06466.txt,0.43014009844755774
suspicious-document00828.txt,source-document07926.txt,0.41788478073946694
suspicious-document00830.txt,source-document09253.txt,0.4127994638968001
suspicious-document00831.txt,source-document10868.txt,0.4149209849320103
suspicious-document00832.txt,source-document00161.txt,0.41676729342763497
suspicious-document00834.txt,source-document08107.txt,0.41750259425804215
suspicious-document00838.txt,source-document07058.txt,0.42506437768240346
suspicious-document00842.txt,source-document09138.txt,0.4122807017543859
suspicious-document00843.txt,source-document03986.txt,0.4250461641765989
suspicious-document00844.txt,source-document05592.txt,0.4118452584731257
suspicious-document00846.txt,source-document09382.txt,0.39078498293515357
suspicious-document00848.txt,source-document00900.txt,0.42275862068965525
suspicious-document00849.txt,source-document03271.txt,0.41382922996333155
suspicious-document00850.txt,source-document03651.txt,0.41534755677907775
suspicious-document00853.txt,source-document01972.txt,0.42737094837935174
suspicious-document00854.txt,source-document06018.txt,0.4214977973568283
suspicious-document00855.txt,source-document00774.txt,0.41731332988446274
suspicious-document00857.txt,source-document04153.txt,0.4299931365820179
suspicious-document00859.txt,source-document02786.txt,0.4151467778356783
suspicious-document00861.txt,source-document03712.txt,0.4123605150214592
suspicious-document00863.txt,source-document06165.txt,0.4148375021269355
suspicious-document00864.txt,source-document03455.txt,0.41954988243197855
suspicious-document00869.txt,source-document07571.txt,0.4191201939729823
suspicious-document00872.txt,source-document08402.txt,0.4212651413189771
suspicious-document00876.txt,source-document03202.txt,0.4260669381972729
suspicious-document00880.txt,source-document09010.txt,0.42203706852576095
suspicious-document00885.txt,source-document07279.txt,0.4272013949433304
suspicious-document00886.txt,source-document03753.txt,0.42173730591691144
suspicious-document00888.txt,source-document00774.txt,0.4252873563218391
suspicious-document00889.txt,source-document00763.txt,0.4233345082833979
suspicious-document00890.txt,source-document04780.txt,0.4154385964912281
suspicious-document00895.txt,source-document07845.txt,0.4149776709034696
suspicious-document00896.txt,source-document03754.txt,0.41865394806571277
suspicious-document00899.txt,source-document11091.txt,0.42105263157894735
suspicious-document00901.txt,source-document08986.txt,0.4171566931857489
suspicious-document00902.txt,source-document05255.txt,0.420910623946037
suspicious-document00904.txt,source-document04699.txt,0.41936066461983024
suspicious-document00905.txt,source-document02844.txt,0.4218082379080499
suspicious-document00906.txt,source-document07214.txt,0.4161073825503355
suspicious-document00910.txt,source-document07327.txt,0.41428090266082845
suspicious-document00912.txt,source-document07317.txt,0.4254303732742459
suspicious-document00913.txt,source-document06938.txt,0.42173760112557157
suspicious-document00914.txt,source-document01405.txt,0.41209829867674863
suspicious-document00915.txt,source-document02031.txt,0.42198643242303013
suspicious-document00916.txt,source-document06266.txt,0.42397609421690985
suspicious-document00918.txt,source-document05797.txt,0.4160907318802055
suspicious-document00920.txt,source-document04529.txt,0.39509954058192953
suspicious-document00922.txt,source-document00125.txt,0.42591955998624953
suspicious-document00923.txt,source-document01657.txt,0.4196277495769881
suspicious-document00924.txt,source-document05592.txt,0.417096536477524
suspicious-document00926.txt,source-document05567.txt,0.41878531073446323
suspicious-document00928.txt,source-document04811.txt,0.42569183464297905
suspicious-document00929.txt,source-document09103.txt,0.42401242021735386
suspicious-document00933.txt,source-document00795.txt,0.4130837969988198
suspicious-document00937.txt,source-document04153.txt,0.4267681134359329
suspicious-document00941.txt,source-document07740.txt,0.42006920415224913
suspicious-document00943.txt,source-document09813.txt,0.4242857142857142
suspicious-document00946.txt,source-document01412.txt,0.3928820655966504
suspicious-document00947.txt,source-document02812.txt,0.4197278911564626
suspicious-document00950.txt,source-document10121.txt,0.42647307107884513
suspicious-document00952.txt,source-document04842.txt,0.4195421933720533
suspicious-document00953.txt,source-document00926.txt,0.42058623040218135
suspicious-document00954.txt,source-document02253.txt,0.416784203102962
suspicious-document00960.txt,source-document01080.txt,0.4019841998897667
suspicious-document00963.txt,source-document00026.txt,0.42661996497373034
suspicious-document00964.txt,source-document01125.txt,0.4188252462604889
suspicious-document00968.txt,source-document01127.txt,0.42852062588904694
suspicious-document00973.txt,source-document06238.txt,0.42360060514372166
suspicious-document00974.txt,source-document04779.txt,0.4216928535225545
suspicious-document00975.txt,source-document00026.txt,0.43137254901960786
suspicious-document00978.txt,source-document04877.txt,0.4193842229914374
suspicious-document00981.txt,source-document01053.txt,0.42382671480144407
suspicious-document00983.txt,source-document06071.txt,0.42362146050670646
suspicious-document00984.txt,source-document06935.txt,0.4264285714285714
suspicious-document00987.txt,source-document09161.txt,0.42718035563082135
suspicious-document00989.txt,source-document03834.txt,0.4238551650692226
suspicious-document00990.txt,source-document09801.txt,0.4224410833626451
suspicious-document00991.txt,source-document05674.txt,0.4179577464788733
suspicious-document00995.txt,source-document00926.txt,0.42763709542176753
suspicious-document01001.txt,source-document10742.txt,0.42352129677530603
suspicious-document01003.txt,source-document08813.txt,0.4285714285714286
suspicious-document01005.txt,source-document06268.txt,0.4167372522446213
suspicious-document01011.txt,source-document01243.txt,0.42532981530343006
suspicious-document01017.txt,source-document05872.txt,0.4177897574123989
suspicious-document01018.txt,source-document07406.txt,0.419047619047619
suspicious-document01021.txt,source-document04267.txt,0.41484098939929326
suspicious-document01025.txt,source-document07806.txt,0.41669614432260343
suspicious-document01026.txt,source-document06384.txt,0.418612818261633
suspicious-document01027.txt,source-document09816.txt,0.41990456714383095
suspicious-document01034.txt,source-document00862.txt,0.42108832005424646
suspicious-document01036.txt,source-document08361.txt,0.4238250989843346
suspicious-document01037.txt,source-document00920.txt,0.4167267483777938
suspicious-document01038.txt,source-document09381.txt,0.41800865800865805
suspicious-document01039.txt,source-document06193.txt,0.42634436854090024
suspicious-document01041.txt,source-document01127.txt,0.41998955249869413
suspicious-document01042.txt,source-document08211.txt,0.41705842847548685
suspicious-document01043.txt,source-document06642.txt,0.40718765892524156
suspicious-document01044.txt,source-document05086.txt,0.43442482427567286
suspicious-document01046.txt,source-document03270.txt,0.42262317834836916
suspicious-document01049.txt,source-document05630.txt,0.42851985559566785
suspicious-document01050.txt,source-document01127.txt,0.420889881463666
suspicious-document01051.txt,source-document09382.txt,0.4270584215920737
suspicious-document01054.txt,source-document04659.txt,0.415426251691475
suspicious-document01056.txt,source-document00795.txt,0.4200704225352114
suspicious-document01057.txt,source-document02251.txt,0.41775983854692234
suspicious-document01059.txt,source-document01127.txt,0.41922428330522765
suspicious-document01060.txt,source-document07413.txt,0.42289968096419706
suspicious-document01065.txt,source-document06018.txt,0.416537999656888
suspicious-document01068.txt,source-document02670.txt,0.6874308883155177
suspicious-document01070.txt,source-document02701.txt,0.4171676686706747
suspicious-document01073.txt,source-document03536.txt,0.4227390180878553
suspicious-document01074.txt,source-document04390.txt,0.4167096441464673
suspicious-document01076.txt,source-document07675.txt,0.41932059447983017
suspicious-document01080.txt,source-document08600.txt,0.4216601595654388
suspicious-document01081.txt,source-document02329.txt,0.4260625219529329
suspicious-document01087.txt,source-document04246.txt,0.42342183928257426
suspicious-document01092.txt,source-document05116.txt,0.4301306137054929
suspicious-document01093.txt,source-document01976.txt,0.4220893422441083
suspicious-document01097.txt,source-document05255.txt,0.41993139555876513
suspicious-document01100.txt,source-document09801.txt,0.4074678267174189
suspicious-document01102.txt,source-document08107.txt,0.42332382310984307
suspicious-document01103.txt,source-document01412.txt,0.4198290598290598
suspicious-document01104.txt,source-document09789.txt,0.42170205044456543
suspicious-document01108.txt,source-document09005.txt,0.4046222222222222
suspicious-document01111.txt,source-document00433.txt,0.4178272980501393
suspicious-document01113.txt,source-document09838.txt,0.41853308257821853
suspicious-document01114.txt,source-document04194.txt,0.4126279863481229
suspicious-document01116.txt,source-document01295.txt,0.4185887579019306
suspicious-document01117.txt,source-document07322.txt,0.41594202898550725
suspicious-document01118.txt,source-document08737.txt,0.42705757682797596
suspicious-document01119.txt,source-document09516.txt,0.4192108552044278
suspicious-document01123.txt,source-document00161.txt,0.42261904761904767
suspicious-document01126.txt,source-document00671.txt,0.41988579106483037
suspicious-document01130.txt,source-document09523.txt,0.421015761821366
suspicious-document01134.txt,source-document10375.txt,0.4150431983737083
suspicious-document01136.txt,source-document01080.txt,0.4173598553345389
suspicious-document01138.txt,source-document00234.txt,0.4167933130699089
suspicious-document01144.txt,source-document11007.txt,0.4237202230106437
suspicious-document01146.txt,source-document09198.txt,0.4136539431646208
suspicious-document01150.txt,source-document09117.txt,0.4141192366154366
suspicious-document01152.txt,source-document02282.txt,0.42027194066749074
suspicious-document01159.txt,source-document00961.txt,0.4262901327954278
suspicious-document01161.txt,source-document01255.txt,0.42196732707681617
suspicious-document01163.txt,source-document05917.txt,0.419949281487743
suspicious-document01166.txt,source-document01751.txt,0.4235492010092514
suspicious-document01168.txt,source-document10111.txt,0.4133196017851013
suspicious-document01174.txt,source-document08737.txt,0.41342328316900195
suspicious-document01175.txt,source-document09943.txt,0.4288923449110074
suspicious-document01176.txt,source-document07214.txt,0.42963970088375253
suspicious-document01177.txt,source-document00963.txt,0.4184626436781609
suspicious-document01179.txt,source-document01248.txt,0.4189473684210526
suspicious-document01181.txt,source-document02574.txt,0.42265052021149585
suspicious-document01186.txt,source-document00430.txt,0.41888907762867333
suspicious-document01192.txt,source-document00795.txt,0.41992117520601935
suspicious-document01193.txt,source-document09692.txt,0.41516490989459365
suspicious-document01198.txt,source-document00138.txt,0.41962651043573784
suspicious-document01200.txt,source-document09614.txt,0.4233856893542758
suspicious-document01202.txt,source-document06332.txt,0.4078144078144078
suspicious-document01205.txt,source-document01136.txt,0.4194769442532691
suspicious-document01207.txt,source-document01301.txt,0.4179263738218033
suspicious-document01211.txt,source-document04725.txt,0.41885359116022103
suspicious-document01212.txt,source-document05871.txt,0.4163236083765886
suspicious-document01215.txt,source-document08569.txt,0.4225352112676056
suspicious-document01218.txt,source-document06193.txt,0.4144519715129407
suspicious-document01219.txt,source-document10710.txt,0.4297951582867784
suspicious-document01222.txt,source-document05569.txt,0.4142547745619216
suspicious-document01223.txt,source-document05108.txt,0.420138273355788
suspicious-document01226.txt,source-document03834.txt,0.42110569652159296
suspicious-document01228.txt,source-document09010.txt,0.4155096512021673
suspicious-document01231.txt,source-document03304.txt,0.4135546334716459
suspicious-document01232.txt,source-document02257.txt,0.4259696458684654
suspicious-document01233.txt,source-document06759.txt,0.42270325549684673
suspicious-document01234.txt,source-document00763.txt,0.42004941757853864
suspicious-document01236.txt,source-document02369.txt,0.41810872225135465
suspicious-document01238.txt,source-document03603.txt,0.4220553214874519
suspicious-document01242.txt,source-document06938.txt,0.4209782800635706
suspicious-document01246.txt,source-document08638.txt,0.4177326090765726
suspicious-document01249.txt,source-document03002.txt,0.42072950523654756
suspicious-document01252.txt,source-document10698.txt,0.4248389405869722
suspicious-document01253.txt,source-document07483.txt,0.4229059829059829
suspicious-document01254.txt,source-document06950.txt,0.4258448607949571
suspicious-document01255.txt,source-document01444.txt,0.4190999656475438
suspicious-document01257.txt,source-document05968.txt,0.4232655921513665
suspicious-document01260.txt,source-document08638.txt,0.41504273504273503
suspicious-document01261.txt,source-document04743.txt,0.42075931731104144
suspicious-document01262.txt,source-document08332.txt,0.4245398773006135
suspicious-document01263.txt,source-document07630.txt,0.42521330315166295
suspicious-document01265.txt,source-document01127.txt,0.401355421686747
suspicious-document01268.txt,source-document04992.txt,0.4208671131476912
suspicious-document01272.txt,source-document00963.txt,0.41915760869565216
suspicious-document01276.txt,source-document00681.txt,0.41560283687943267
suspicious-document01278.txt,source-document10737.txt,0.42996515679442504
suspicious-document01279.txt,source-document05332.txt,0.412015702338283
suspicious-document01280.txt,source-document08958.txt,0.41166261714682406
suspicious-document01282.txt,source-document10527.txt,0.424667133847232
suspicious-document01284.txt,source-document05765.txt,0.422926911989147
suspicious-document01285.txt,source-document03427.txt,0.42326606749194506
suspicious-document01286.txt,source-document10257.txt,0.4180109909590498
suspicious-document01287.txt,source-document00598.txt,0.4250394529195161
suspicious-document01288.txt,source-document05020.txt,0.4293686780606906
suspicious-document01290.txt,source-document04903.txt,0.4103370001746115
suspicious-document01292.txt,source-document00780.txt,0.42834080717488787
suspicious-document01294.txt,source-document03598.txt,0.43759577728588456
suspicious-document01295.txt,source-document09104.txt,0.42556798914886407
suspicious-document01297.txt,source-document03540.txt,0.42463422932970396
suspicious-document01303.txt,source-document06195.txt,0.4207412563076388
suspicious-document01304.txt,source-document04663.txt,0.4231155778894472
suspicious-document01305.txt,source-document08846.txt,0.6212367045249685
suspicious-document01307.txt,source-document05503.txt,0.42879072147364833
suspicious-document01310.txt,source-document04565.txt,0.4129680998613038
suspicious-document01311.txt,source-document02289.txt,0.4184636118598382
suspicious-document01314.txt,source-document01961.txt,0.4259544598527649
suspicious-document01319.txt,source-document03424.txt,0.4164488586861823
suspicious-document01320.txt,source-document06269.txt,0.42534546680148305
suspicious-document01321.txt,source-document02786.txt,0.4145925673371974
suspicious-document01322.txt,source-document08632.txt,0.412043301759134
suspicious-document01325.txt,source-document09507.txt,0.41853981529883255
suspicious-document01326.txt,source-document06155.txt,0.4231815091774303
suspicious-document01330.txt,source-document06384.txt,0.41167936162495467
suspicious-document01341.txt,source-document09906.txt,0.4243877376263059
suspicious-document01343.txt,source-document03535.txt,0.415795167688424
suspicious-document01345.txt,source-document00031.txt,0.4228416043507818
suspicious-document01346.txt,source-document00470.txt,0.41860465116279066
suspicious-document01347.txt,source-document01127.txt,0.42451874366767983
suspicious-document01349.txt,source-document01652.txt,0.4280481423338566
suspicious-document01350.txt,source-document06384.txt,0.42518874399450923
suspicious-document01351.txt,source-document04872.txt,0.42643478260869555
suspicious-document01352.txt,source-document08986.txt,0.41570847337696804
suspicious-document01358.txt,source-document05110.txt,0.4232638888888889
suspicious-document01359.txt,source-document01163.txt,0.42312649604124475
suspicious-document01362.txt,source-document00757.txt,0.4207845134997454
suspicious-document01363.txt,source-document11007.txt,0.4233064233064233
suspicious-document01366.txt,source-document01751.txt,0.4194042553191489
suspicious-document01369.txt,source-document06466.txt,0.42368145302130633
suspicious-document01372.txt,source-document03141.txt,0.41704665029814103
suspicious-document01373.txt,source-document10043.txt,0.4219583548442609
suspicious-document01374.txt,source-document03279.txt,0.4240819209039548
suspicious-document01377.txt,source-document08211.txt,0.41785471826205023
suspicious-document01378.txt,source-document03343.txt,0.4276841171251109
suspicious-document01381.txt,source-document00277.txt,0.42006162273194114
suspicious-document01382.txt,source-document08283.txt,0.4202469994781701
suspicious-document01385.txt,source-document07479.txt,0.412221471978393
suspicious-document01386.txt,source-document08270.txt,0.4123747583055019
suspicious-document01388.txt,source-document02721.txt,0.41981558488519255
suspicious-document01390.txt,source-document08183.txt,0.4274378416505026
suspicious-document01393.txt,source-document00962.txt,0.41952414275717287
suspicious-document01397.txt,source-document10652.txt,0.4139982502187226
suspicious-document01398.txt,source-document09607.txt,0.4195755130678829
suspicious-document01399.txt,source-document08239.txt,0.4227763304800894
suspicious-document01403.txt,source-document09363.txt,0.4144014401440144
suspicious-document01407.txt,source-document08611.txt,0.4187166695338036
suspicious-document01411.txt,source-document05313.txt,0.42052980132450335
suspicious-document01415.txt,source-document01976.txt,0.41899629504883795
suspicious-document01418.txt,source-document10282.txt,0.41719910205491284
suspicious-document01419.txt,source-document06021.txt,0.42110874200426435
suspicious-document01420.txt,source-document02312.txt,0.42619006702182505
suspicious-document01421.txt,source-document06836.txt,0.41681079211345545
suspicious-document01422.txt,source-document10953.txt,0.4188570459555706
suspicious-document01430.txt,source-document09821.txt,0.42601908065915006
suspicious-document01434.txt,source-document02072.txt,0.42152466367713004
suspicious-document01435.txt,source-document06021.txt,0.4143324845398326
suspicious-document01437.txt,source-document00967.txt,0.42074431426602343
suspicious-document01438.txt,source-document08270.txt,0.4185407725321888
suspicious-document01439.txt,source-document04992.txt,0.4186714542190305
suspicious-document01440.txt,source-document04650.txt,0.42378649471610236
suspicious-document01444.txt,source-document07004.txt,0.42099385817978785
suspicious-document01447.txt,source-document02822.txt,0.4171866642895347
suspicious-document01448.txt,source-document05993.txt,0.4240389457780762
suspicious-document01450.txt,source-document07632.txt,0.4169392322258564
suspicious-document01451.txt,source-document01509.txt,0.41166321601104205
suspicious-document01452.txt,source-document07214.txt,0.42908959013420384
suspicious-document01454.txt,source-document03405.txt,0.42581988547631444
suspicious-document01456.txt,source-document10954.txt,0.4248088360237892
suspicious-document01459.txt,source-document04713.txt,0.4155114932444288
suspicious-document01467.txt,source-document05387.txt,0.42551747539871054
suspicious-document01469.txt,source-document07142.txt,0.4122005859038428
suspicious-document01471.txt,source-document07935.txt,0.47847314691522413
suspicious-document01472.txt,source-document02928.txt,0.41372282608695654
suspicious-document01474.txt,source-document01607.txt,0.41694036300777865
suspicious-document01476.txt,source-document06128.txt,0.42160693052488524
suspicious-document01477.txt,source-document10362.txt,0.4205847153359549
suspicious-document01478.txt,source-document01466.txt,0.40761068422978414
suspicious-document01479.txt,source-document02252.txt,0.42194955691888203
suspicious-document01480.txt,source-document02877.txt,0.4237743451981195
suspicious-document01481.txt,source-document04388.txt,0.4187130310091415
suspicious-document01484.txt,source-document10215.txt,0.4117852161785216
suspicious-document01486.txt,source-document06203.txt,0.41462509279881216
suspicious-document01488.txt,source-document09013.txt,0.43062873199859497
suspicious-document01490.txt,source-document04137.txt,0.4250085411684318
suspicious-document01491.txt,source-document05983.txt,0.42339457272880504
suspicious-document01492.txt,source-document05165.txt,0.4192988545643873
suspicious-document01494.txt,source-document05271.txt,0.4200542005420054
suspicious-document01497.txt,source-document05119.txt,0.4203471386836226
suspicious-document01499.txt,source-document08951.txt,0.4142632406921867
suspicious-document01501.txt,source-document01798.txt,0.4228200036107601
suspicious-document01502.txt,source-document06569.txt,0.42563176895306865
suspicious-document01505.txt,source-document09627.txt,0.413992188826626
suspicious-document01506.txt,source-document08045.txt,0.41234692165744
suspicious-document01507.txt,source-document00455.txt,0.420039934652387
suspicious-document01509.txt,source-document08737.txt,0.4253147329023478
suspicious-document01510.txt,source-document07695.txt,0.4306887532693985
suspicious-document01511.txt,source-document04967.txt,0.41326530612244894
suspicious-document01512.txt,source-document03930.txt,0.42478184991273993
suspicious-document01514.txt,source-document00795.txt,0.4174099179450589
suspicious-document01519.txt,source-document03712.txt,0.41011047874121187
suspicious-document01526.txt,source-document06266.txt,0.4202200825309491
suspicious-document01527.txt,source-document00408.txt,0.4156677359446227
suspicious-document01530.txt,source-document09377.txt,0.40866551126516465
suspicious-document01532.txt,source-document09338.txt,0.41988365943945005
suspicious-document01533.txt,source-document05940.txt,0.41725105189340816
suspicious-document01535.txt,source-document06520.txt,0.4210333455478197
suspicious-document01545.txt,source-document08147.txt,0.412115024672452
suspicious-document01549.txt,source-document04353.txt,0.4248704663212435
suspicious-document01551.txt,source-document00962.txt,0.42496824532752675
suspicious-document01552.txt,source-document04585.txt,0.4021644266015011
suspicious-document01553.txt,source-document08737.txt,0.4239111267853994
suspicious-document01557.txt,source-document04625.txt,0.419962654897301
suspicious-document01559.txt,source-document03279.txt,0.41984056687333926
suspicious-document01561.txt,source-document03693.txt,0.426946933149552
suspicious-document01569.txt,source-document07771.txt,0.417385421951632
suspicious-document01574.txt,source-document10662.txt,0.41623825562843464
suspicious-document01577.txt,source-document04811.txt,0.42126197794250586
suspicious-document01579.txt,source-document03780.txt,0.43006189213085766
suspicious-document01580.txt,source-document03573.txt,0.4175004239443785
suspicious-document01582.txt,source-document04077.txt,0.4185724185724185
suspicious-document01586.txt,source-document07317.txt,0.4215530903328051
suspicious-document01587.txt,source-document05319.txt,0.4297324754486962
suspicious-document01588.txt,source-document02935.txt,0.43550860453228835
suspicious-document01589.txt,source-document08593.txt,0.41779891304347827
suspicious-document01591.txt,source-document10416.txt,0.4209049456331112
suspicious-document01592.txt,source-document11019.txt,0.4080914687774846
suspicious-document01593.txt,source-document07422.txt,0.41876874228258953
suspicious-document01594.txt,source-document04194.txt,0.41115456555007657
suspicious-document01595.txt,source-document07246.txt,0.43103448275862066
suspicious-document01597.txt,source-document06537.txt,0.41221374045801523
suspicious-document01598.txt,source-document07696.txt,0.4208540559080775
suspicious-document01599.txt,source-document07422.txt,0.41655124653739617
suspicious-document01604.txt,source-document06242.txt,0.42031836880701123
suspicious-document01606.txt,source-document03437.txt,0.41593541593541594
suspicious-document01607.txt,source-document10658.txt,0.41120090208607407
suspicious-document01610.txt,source-document10614.txt,0.41660826909600557
suspicious-document01612.txt,source-document04666.txt,0.42465277777777777
suspicious-document01614.txt,source-document05696.txt,0.41375770020533886
suspicious-document01615.txt,source-document07513.txt,0.41734044383278857
suspicious-document01617.txt,source-document03279.txt,0.4182267749911692
suspicious-document01619.txt,source-document06811.txt,0.41966173361522197
suspicious-document01627.txt,source-document04666.txt,0.4140323824209715
suspicious-document01628.txt,source-document06441.txt,0.42009795029929253
suspicious-document01630.txt,source-document00077.txt,0.41816261879619854
suspicious-document01632.txt,source-document00795.txt,0.41663882392248575
suspicious-document01633.txt,source-document09364.txt,0.43052766112835494
suspicious-document01634.txt,source-document10522.txt,0.4282064384261625
suspicious-document01635.txt,source-document03294.txt,0.4208213621767788
suspicious-document01636.txt,source-document10208.txt,0.4197227583786629
suspicious-document01639.txt,source-document10837.txt,0.42094455852156054
suspicious-document01640.txt,source-document10822.txt,0.42068237776996126
suspicious-document01642.txt,source-document00884.txt,0.41839331152308257
suspicious-document01643.txt,source-document00911.txt,0.4232876712328767
suspicious-document01647.txt,source-document07571.txt,0.421875
suspicious-document01649.txt,source-document00057.txt,0.43073221038157444
suspicious-document01653.txt,source-document06317.txt,0.405911668671593
suspicious-document01660.txt,source-document00153.txt,0.40972935936964716
suspicious-document01661.txt,source-document10749.txt,0.4164579606440072
suspicious-document01664.txt,source-document00795.txt,0.41860465116279066
suspicious-document01665.txt,source-document05346.txt,0.42602739726027394
suspicious-document01668.txt,source-document06165.txt,0.41860465116279066
suspicious-document01673.txt,source-document04967.txt,0.4187677408582401
suspicious-document01679.txt,source-document04775.txt,0.43214663376806484
suspicious-document01683.txt,source-document08193.txt,0.41934381408065624
suspicious-document01684.txt,source-document00432.txt,0.41418846291651734
suspicious-document01686.txt,source-document04941.txt,0.4157386785449147
suspicious-document01688.txt,source-document02822.txt,0.41634042553191486
suspicious-document01689.txt,source-document07524.txt,0.42785571142284573
suspicious-document01690.txt,source-document00349.txt,0.422816519972918
suspicious-document01691.txt,source-document07870.txt,0.41774744027303756
suspicious-document01700.txt,source-document10910.txt,0.4155251141552512
suspicious-document01701.txt,source-document02617.txt,0.4267901674385465
suspicious-document01702.txt,source-document08373.txt,0.42651593011305244
suspicious-document01703.txt,source-document05428.txt,0.41801990570979575
suspicious-document01705.txt,source-document04669.txt,0.42322097378277157
suspicious-document01706.txt,source-document06738.txt,0.42265338227582594
suspicious-document01707.txt,source-document05993.txt,0.4107142857142857
suspicious-document01711.txt,source-document00763.txt,0.39853345554537123
suspicious-document01712.txt,source-document02972.txt,0.42246264811952605
suspicious-document01713.txt,source-document06263.txt,0.4173732479667762
suspicious-document01715.txt,source-document09377.txt,0.4282255274991352
suspicious-document01718.txt,source-document02972.txt,0.4334482758620689
suspicious-document01719.txt,source-document07331.txt,0.403338898163606
suspicious-document01720.txt,source-document02557.txt,0.41344598238360597
suspicious-document01721.txt,source-document05871.txt,0.42174453721797833
suspicious-document01725.txt,source-document01244.txt,0.4214463840399002
suspicious-document01727.txt,source-document04192.txt,0.4283528811830699
suspicious-document01728.txt,source-document01127.txt,0.42366863905325447
suspicious-document01732.txt,source-document04499.txt,0.4090056285178236
suspicious-document01735.txt,source-document00513.txt,0.41025641025641024
suspicious-document01736.txt,source-document07191.txt,0.4146384793036063
suspicious-document01737.txt,source-document05001.txt,0.4170256763742891
suspicious-document01740.txt,source-document09292.txt,0.41319207108680783
suspicious-document01747.txt,source-document06612.txt,0.41712517193947735
suspicious-document01752.txt,source-document08638.txt,0.4118149223151784
suspicious-document01755.txt,source-document05752.txt,0.4288152953226357
suspicious-document01756.txt,source-document05326.txt,0.42179261862917394
suspicious-document01757.txt,source-document08193.txt,0.42543632279246585
suspicious-document01759.txt,source-document03534.txt,0.4165117143919673
suspicious-document01760.txt,source-document07279.txt,0.4228829768735872
suspicious-document01763.txt,source-document06906.txt,0.4206553439698062
suspicious-document01764.txt,source-document04691.txt,0.42796393944548394
suspicious-document01766.txt,source-document03880.txt,0.41697416974169743
suspicious-document01767.txt,source-document07794.txt,0.4243697478991597
suspicious-document01769.txt,source-document05690.txt,0.4241231209735147
suspicious-document01773.txt,source-document04881.txt,0.41852487135506
suspicious-document01775.txt,source-document09552.txt,0.4166358595194085
suspicious-document01776.txt,source-document02226.txt,0.4152542372881356
suspicious-document01778.txt,source-document01127.txt,0.41956108519094526
suspicious-document01779.txt,source-document10212.txt,0.3962359267350026
suspicious-document01780.txt,source-document10668.txt,0.41722555594775856
suspicious-document01783.txt,source-document00153.txt,0.4151198110023625
suspicious-document01784.txt,source-document05525.txt,0.40800561797752816
suspicious-document01785.txt,source-document04659.txt,0.4228650137741047
suspicious-document01786.txt,source-document09088.txt,0.4259641873278237
suspicious-document01787.txt,source-document06176.txt,0.4263396606752897
suspicious-document01788.txt,source-document03453.txt,0.42296385958844895
suspicious-document01789.txt,source-document00214.txt,0.4144427001569859
suspicious-document01790.txt,source-document05525.txt,0.41349777321000347
suspicious-document01793.txt,source-document08867.txt,0.4215929203539823
suspicious-document01795.txt,source-document01314.txt,0.423469387755102
suspicious-document01796.txt,source-document06137.txt,0.4147807637906647
suspicious-document01802.txt,source-document04364.txt,0.42701599183395716
suspicious-document01803.txt,source-document02072.txt,0.417910447761194
suspicious-document01804.txt,source-document04516.txt,0.4229059221056376
suspicious-document01806.txt,source-document03011.txt,0.40975267496930373
suspicious-document01807.txt,source-document08986.txt,0.42080457835381246
suspicious-document01810.txt,source-document04659.txt,0.42621848739495793
suspicious-document01813.txt,source-document00326.txt,0.41426377751236987
suspicious-document01815.txt,source-document04091.txt,0.41593073593073593
suspicious-document01816.txt,source-document07687.txt,0.4240196078431373
suspicious-document01820.txt,source-document02822.txt,0.41239986067572276
suspicious-document01822.txt,source-document04364.txt,0.4153929149433555
suspicious-document01824.txt,source-document06150.txt,0.4165000908595312
suspicious-document01826.txt,source-document09157.txt,0.42170329670329665
suspicious-document01828.txt,source-document00214.txt,0.41770551038843723
suspicious-document01832.txt,source-document02379.txt,0.41266490765171504
suspicious-document01833.txt,source-document05871.txt,0.42529914529914525
suspicious-document01835.txt,source-document03304.txt,0.41706838064631313
suspicious-document01838.txt,source-document03070.txt,0.42770140943100743
suspicious-document01840.txt,source-document03701.txt,0.41635287789133946
suspicious-document01843.txt,source-document02935.txt,0.4190248891919536
suspicious-document01845.txt,source-document06592.txt,0.4195612431444241
suspicious-document01850.txt,source-document10082.txt,0.42620713188875614
suspicious-document01851.txt,source-document02314.txt,0.41755926251097447
suspicious-document01852.txt,source-document07915.txt,0.4244810307802433
suspicious-document01853.txt,source-document02072.txt,0.42155646162028004
suspicious-document01854.txt,source-document01305.txt,0.41905720516691836
suspicious-document01855.txt,source-document01125.txt,0.4198691055546233
suspicious-document01856.txt,source-document09889.txt,0.4188932942596104
suspicious-document01858.txt,source-document05564.txt,0.4063213345039508
suspicious-document01859.txt,source-document09084.txt,0.4253521126760563
suspicious-document01861.txt,source-document03543.txt,0.42478173270651437
suspicious-document01862.txt,source-document04779.txt,0.4244124868467204
suspicious-document01866.txt,source-document07806.txt,0.42886386898669393
suspicious-document01867.txt,source-document01444.txt,0.4148754691231662
suspicious-document01870.txt,source-document07680.txt,0.42374051069703245
suspicious-document01872.txt,source-document08725.txt,0.37128885784142507
suspicious-document01877.txt,source-document06022.txt,0.42301656495204887
suspicious-document01884.txt,source-document03534.txt,0.41457545548298375
suspicious-document01885.txt,source-document01751.txt,0.421247892074199
suspicious-document01886.txt,source-document09424.txt,0.42349772765527693
suspicious-document01888.txt,source-document03754.txt,0.4229181004817619
suspicious-document01890.txt,source-document05313.txt,0.42683363148479425
suspicious-document01892.txt,source-document05112.txt,0.42201834862385323
suspicious-document01895.txt,source-document02566.txt,0.41875871687587174
suspicious-document01898.txt,source-document03693.txt,0.4261392949269131
suspicious-document01899.txt,source-document09039.txt,0.4146628552211199
suspicious-document01902.txt,source-document03304.txt,0.42451215337213294
suspicious-document01903.txt,source-document02702.txt,0.4121705289226959
suspicious-document01904.txt,source-document00153.txt,0.4172831203765972
suspicious-document01906.txt,source-document01349.txt,0.42474576271186437
suspicious-document01907.txt,source-document06938.txt,0.4220434708197843
suspicious-document01910.txt,source-document06422.txt,0.41585535465924894
suspicious-document01913.txt,source-document09011.txt,0.4231321839080459
suspicious-document01916.txt,source-document02117.txt,0.4237258035872846
suspicious-document01918.txt,source-document10857.txt,0.41874237937641523
suspicious-document01919.txt,source-document03693.txt,0.42619506216074243
suspicious-document01924.txt,source-document02471.txt,0.42265243350823234
suspicious-document01932.txt,source-document02414.txt,0.4243146603098927
suspicious-document01936.txt,source-document10525.txt,0.42751249784519907
suspicious-document01939.txt,source-document00257.txt,0.4204308547602502
suspicious-document01944.txt,source-document00795.txt,0.4267711171662125
suspicious-document01946.txt,source-document02840.txt,0.4246693008074214
suspicious-document01947.txt,source-document00914.txt,0.41954537318775725
suspicious-document01950.txt,source-document05256.txt,0.42565905096660805
suspicious-document01951.txt,source-document03742.txt,0.4186962750716332
suspicious-document01952.txt,source-document01698.txt,0.41051494418437157
suspicious-document01956.txt,source-document00349.txt,0.4212671989128588
suspicious-document01957.txt,source-document10737.txt,0.4156942330458312
suspicious-document01958.txt,source-document05055.txt,0.42577429690281243
suspicious-document01959.txt,source-document02032.txt,0.40933878663940015
suspicious-document01963.txt,source-document00309.txt,0.420292347377472
suspicious-document01965.txt,source-document01685.txt,0.41784386617100366
suspicious-document01967.txt,source-document02945.txt,0.42616179001721166
suspicious-document01968.txt,source-document08602.txt,0.4177642688280986
suspicious-document01970.txt,source-document06150.txt,0.4278314917127071
suspicious-document01972.txt,source-document01846.txt,0.4079635566053653
suspicious-document01974.txt,source-document03392.txt,0.421263426178773
suspicious-document01976.txt,source-document10234.txt,0.4334291997969887
suspicious-document01979.txt,source-document10179.txt,0.42490566037735844
suspicious-document01982.txt,source-document01599.txt,0.4211157768446311
suspicious-document01986.txt,source-document09161.txt,0.4252410166520596
suspicious-document01987.txt,source-document07822.txt,0.40752892419271286
suspicious-document01992.txt,source-document11041.txt,0.41092004963658924
suspicious-document01994.txt,source-document06384.txt,0.4235335814283183
suspicious-document01995.txt,source-document01555.txt,0.4248062015503876
suspicious-document02001.txt,source-document08497.txt,0.41610493714702135
suspicious-document02002.txt,source-document06967.txt,0.42705479452054795
suspicious-document02003.txt,source-document10586.txt,0.4283732223378425
suspicious-document02005.txt,source-document09516.txt,0.41741534208707676
suspicious-document02007.txt,source-document04910.txt,0.41711229946524064
suspicious-document02008.txt,source-document01479.txt,0.42557476086591706
suspicious-document02010.txt,source-document00974.txt,0.412741443578448
suspicious-document02015.txt,source-document07806.txt,0.4185110663983903
suspicious-document02016.txt,source-document07915.txt,0.4242424242424242
suspicious-document02020.txt,source-document06466.txt,0.4247415454704748
suspicious-document02021.txt,source-document10273.txt,0.4362357080035181
suspicious-document02024.txt,source-document10155.txt,0.42237521514629944
suspicious-document02025.txt,source-document07292.txt,0.4095221666379162
suspicious-document02027.txt,source-document04687.txt,0.4127370802157648
suspicious-document02028.txt,source-document06384.txt,0.4289977180972442
suspicious-document02029.txt,source-document10030.txt,0.42337570621468923
suspicious-document02032.txt,source-document01424.txt,0.42269304850288913
suspicious-document02033.txt,source-document01876.txt,0.4181604958954599
suspicious-document02034.txt,source-document10857.txt,0.4211647727272727
suspicious-document02036.txt,source-document01125.txt,0.4265517241379311
suspicious-document02039.txt,source-document04977.txt,0.42813765182186236
suspicious-document02042.txt,source-document08638.txt,0.4151785714285714
suspicious-document02043.txt,source-document02412.txt,0.42099863201094384
suspicious-document02045.txt,source-document09382.txt,0.4227065382665991
suspicious-document02046.txt,source-document09347.txt,0.42110836569008114
suspicious-document02048.txt,source-document08841.txt,0.4155578300921188
suspicious-document02053.txt,source-document00598.txt,0.4294565409807045
suspicious-document02055.txt,source-document00795.txt,0.42059366090893846
suspicious-document02056.txt,source-document09823.txt,0.4259292512120668
suspicious-document02057.txt,source-document04699.txt,0.4285473825955226
suspicious-document02058.txt,source-document08593.txt,0.430664395229983
suspicious-document02062.txt,source-document03757.txt,0.41832599118942726
suspicious-document02063.txt,source-document01251.txt,0.4203710185509275
suspicious-document02064.txt,source-document07584.txt,0.4253285543608124
suspicious-document02065.txt,source-document04967.txt,0.4148207813129279
suspicious-document02066.txt,source-document07567.txt,0.4238061797752809
suspicious-document02068.txt,source-document08497.txt,0.4278657809572475
suspicious-document02069.txt,source-document01876.txt,0.41594739005343195
suspicious-document02070.txt,source-document01309.txt,0.4043172862771972
suspicious-document02071.txt,source-document02414.txt,0.4232574936800289
suspicious-document02072.txt,source-document10605.txt,0.427163590754345
suspicious-document02075.txt,source-document05071.txt,0.4303030303030303
suspicious-document02078.txt,source-document02497.txt,0.4163430693905116
suspicious-document02079.txt,source-document09906.txt,0.43091655266757867
suspicious-document02083.txt,source-document01282.txt,0.4187831171204093
suspicious-document02087.txt,source-document00763.txt,0.41826838300123437
suspicious-document02090.txt,source-document05945.txt,0.42538593481989706
suspicious-document02092.txt,source-document00911.txt,0.42218798151001535
suspicious-document02094.txt,source-document06371.txt,0.415426251691475
suspicious-document02097.txt,source-document04699.txt,0.4200537153088631
suspicious-document02101.txt,source-document01395.txt,0.42637134452327397
suspicious-document02103.txt,source-document01127.txt,0.42178323545114793
suspicious-document02104.txt,source-document08440.txt,0.4252479711451759
suspicious-document02117.txt,source-document09187.txt,0.39208195867338075
suspicious-document02118.txt,source-document01295.txt,0.422950251343387
suspicious-document02122.txt,source-document05983.txt,0.42569134701159683
suspicious-document02126.txt,source-document06003.txt,0.41956521739130437
suspicious-document02127.txt,source-document02284.txt,0.41510109142959384
suspicious-document02128.txt,source-document04691.txt,0.41294243832677874
suspicious-document02130.txt,source-document06151.txt,0.42874458874458876
suspicious-document02135.txt,source-document03880.txt,0.427296392711045
suspicious-document02137.txt,source-document00862.txt,0.4275936599423631
suspicious-document02138.txt,source-document00970.txt,0.4178302900107411
suspicious-document02139.txt,source-document03755.txt,0.42136190805392326
suspicious-document02143.txt,source-document08419.txt,0.4172442941673711
suspicious-document02144.txt,source-document01698.txt,0.41000893655049153
suspicious-document02146.txt,source-document10980.txt,0.41603317208016594
suspicious-document02148.txt,source-document07150.txt,0.4285219799238491
suspicious-document02149.txt,source-document01922.txt,0.4117852161785216
suspicious-document02150.txt,source-document05564.txt,0.4078280622051371
suspicious-document02151.txt,source-document08112.txt,0.42225635774022874
suspicious-document02152.txt,source-document04960.txt,0.42000355935219796
suspicious-document02155.txt,source-document08107.txt,0.4208955223880597
suspicious-document02156.txt,source-document04499.txt,0.41126158232359233
suspicious-document02157.txt,source-document06257.txt,0.4247877758913412
suspicious-document02158.txt,source-document05135.txt,0.41301775147929
suspicious-document02160.txt,source-document09607.txt,0.4185178904527726
suspicious-document02168.txt,source-document07822.txt,0.4194320903181663
suspicious-document02172.txt,source-document07806.txt,0.4209413008989953
suspicious-document02173.txt,source-document00280.txt,0.4182913860333215
suspicious-document02174.txt,source-document04699.txt,0.42361597757533287
suspicious-document02177.txt,source-document00450.txt,0.42195990256698523
suspicious-document02178.txt,source-document01127.txt,0.42258775648634894
suspicious-document02183.txt,source-document05664.txt,0.4076433121019109
suspicious-document02186.txt,source-document00523.txt,0.42011524358302776
suspicious-document02187.txt,source-document02051.txt,0.4274032345993095
suspicious-document02188.txt,source-document08082.txt,0.42646274230837633
suspicious-document02191.txt,source-document01259.txt,0.42036011080332414
suspicious-document02192.txt,source-document05799.txt,0.4258155033321641
suspicious-document02196.txt,source-document08045.txt,0.4202082266598396
suspicious-document02197.txt,source-document02536.txt,0.4187943262411348
suspicious-document02198.txt,source-document10771.txt,0.4147665580890336
suspicious-document02199.txt,source-document05199.txt,0.4181983621474067
suspicious-document02201.txt,source-document02991.txt,0.42255482074486594
suspicious-document02206.txt,source-document02072.txt,0.4256540084388186
suspicious-document02207.txt,source-document01953.txt,0.4164948453608247
suspicious-document02209.txt,source-document00795.txt,0.41621067031463743
suspicious-document02212.txt,source-document09005.txt,0.41987070432119766
suspicious-document02213.txt,source-document04516.txt,0.4188373296532689
suspicious-document02216.txt,source-document09748.txt,0.42334739803094235
suspicious-document02217.txt,source-document01081.txt,0.4201680672268907
suspicious-document02218.txt,source-document09404.txt,0.429388029589778
suspicious-document02219.txt,source-document00771.txt,0.42131090080616895
suspicious-document02220.txt,source-document05799.txt,0.43051959261177286
suspicious-document02221.txt,source-document05860.txt,0.42867182009838367
suspicious-document02223.txt,source-document09886.txt,0.417022792022792
suspicious-document02224.txt,source-document08638.txt,0.42144553783508654
suspicious-document02227.txt,source-document00138.txt,0.41877998629198077
suspicious-document02229.txt,source-document01282.txt,0.4175536881419234
suspicious-document02230.txt,source-document03712.txt,0.4201537147736977
suspicious-document02231.txt,source-document00649.txt,0.4137172198789657
suspicious-document02233.txt,source-document09214.txt,0.42462699365460466
suspicious-document02234.txt,source-document08642.txt,0.4154929577464789
suspicious-document02235.txt,source-document07510.txt,0.42152466367713004
suspicious-document02236.txt,source-document00125.txt,0.4203865230032495
suspicious-document02237.txt,source-document10521.txt,0.41848709153276764
suspicious-document02238.txt,source-document00027.txt,0.415954415954416
suspicious-document02239.txt,source-document01260.txt,0.4126163391933816
suspicious-document02241.txt,source-document08466.txt,0.4235634260932418
suspicious-document02242.txt,source-document02072.txt,0.429038112522686
suspicious-document02243.txt,source-document04695.txt,0.42494462429715457
suspicious-document02246.txt,source-document09922.txt,0.4110699806099066
suspicious-document02247.txt,source-document03453.txt,0.42881764908652187
suspicious-document02251.txt,source-document07214.txt,0.422192151556157
suspicious-document02255.txt,source-document01479.txt,0.4248579789981064
suspicious-document02256.txt,source-document03535.txt,0.41584533737680063
suspicious-document02257.txt,source-document10416.txt,0.42562354207787545
suspicious-document02260.txt,source-document04204.txt,0.41704405104981473
suspicious-document02263.txt,source-document05456.txt,0.40639666261081175
suspicious-document02268.txt,source-document07279.txt,0.4244702665755298
suspicious-document02271.txt,source-document04941.txt,0.41950544699982706
suspicious-document02272.txt,source-document00679.txt,0.4308293375954537
suspicious-document02277.txt,source-document09103.txt,0.4234031504240956
suspicious-document02278.txt,source-document06128.txt,0.4287437532310874
suspicious-document02284.txt,source-document08283.txt,0.41687594173782017
suspicious-document02285.txt,source-document01922.txt,0.4147252356393384
suspicious-document02290.txt,source-document06759.txt,0.4235215278941196
suspicious-document02292.txt,source-document04356.txt,0.41452911439805284
suspicious-document02293.txt,source-document09394.txt,0.42568617296737443
suspicious-document02297.txt,source-document06268.txt,0.4185178904527726
suspicious-document02298.txt,source-document04666.txt,0.42546848381601365
suspicious-document02300.txt,source-document05405.txt,0.41256830601092903
suspicious-document02301.txt,source-document07401.txt,0.41798134011874466
suspicious-document02302.txt,source-document05605.txt,0.4202469994781701
suspicious-document02304.txt,source-document02231.txt,0.4228052472250252
suspicious-document02305.txt,source-document01751.txt,0.41604959531599794
suspicious-document02306.txt,source-document02642.txt,0.4199384141647421
suspicious-document02309.txt,source-document09404.txt,0.42125237191650855
suspicious-document02310.txt,source-document00765.txt,0.4199164345403899
suspicious-document02311.txt,source-document08683.txt,0.4141868512110727
suspicious-document02313.txt,source-document09404.txt,0.4263238030790052
suspicious-document02316.txt,source-document00473.txt,0.4192080876158383
suspicious-document02317.txt,source-document06931.txt,0.3966301600673968
suspicious-document02318.txt,source-document00803.txt,0.42168250615980285
suspicious-document02319.txt,source-document04500.txt,0.4164275466284074
suspicious-document02320.txt,source-document01536.txt,0.4235335195530726
suspicious-document02325.txt,source-document01251.txt,0.43236837650245474
suspicious-document02328.txt,source-document04650.txt,0.4157130657557643
suspicious-document02329.txt,source-document00473.txt,0.41390095569070373
suspicious-document02331.txt,source-document05797.txt,0.42240934868534113
suspicious-document02332.txt,source-document01623.txt,0.4124951493985254
suspicious-document02333.txt,source-document02202.txt,0.4140350877192982
suspicious-document02335.txt,source-document06257.txt,0.4104490964394346
suspicious-document02336.txt,source-document06855.txt,0.4210900053257589
suspicious-document02337.txt,source-document02786.txt,0.4198201255727134
suspicious-document02340.txt,source-document02461.txt,0.412741443578448
suspicious-document02343.txt,source-document04691.txt,0.4257510729613734
suspicious-document02344.txt,source-document07273.txt,0.4139486467730743
suspicious-document02347.txt,source-document10570.txt,0.41676565416595956
suspicious-document02349.txt,source-document02822.txt,0.413323782234957
suspicious-document02350.txt,source-document02162.txt,0.4202872849796064
suspicious-document02351.txt,source-document02160.txt,0.42065791716379747
suspicious-document02353.txt,source-document01177.txt,0.41992390176409544
suspicious-document02355.txt,source-document02966.txt,0.4222524668254508
suspicious-document02358.txt,source-document01864.txt,0.4174344436569809
suspicious-document02359.txt,source-document08242.txt,0.42489851150202973
suspicious-document02363.txt,source-document10055.txt,0.4224825946680252
suspicious-document02365.txt,source-document00226.txt,0.41227461858529824
suspicious-document02367.txt,source-document01652.txt,0.41971112999150384
suspicious-document02374.txt,source-document01433.txt,0.42417061611374407
suspicious-document02375.txt,source-document00779.txt,0.4168113928447378
suspicious-document02377.txt,source-document04395.txt,0.4187639102893341
suspicious-document02380.txt,source-document08172.txt,0.4159693165969317
suspicious-document02383.txt,source-document05525.txt,0.4203217612193056
suspicious-document02384.txt,source-document06775.txt,0.42437616703445935
suspicious-document02385.txt,source-document04088.txt,0.4152334152334153
suspicious-document02386.txt,source-document05119.txt,0.422461752433936
suspicious-document02388.txt,source-document00679.txt,0.4263698630136986
suspicious-document02390.txt,source-document01694.txt,0.4236878453038674
suspicious-document02397.txt,source-document01080.txt,0.4181313598519889
suspicious-document02400.txt,source-document05509.txt,0.4240666908300109
suspicious-document02401.txt,source-document09614.txt,0.41749571183533457
suspicious-document02404.txt,source-document00903.txt,0.41697416974169743
suspicious-document02407.txt,source-document09499.txt,0.42369173817937067
suspicious-document02410.txt,source-document01470.txt,0.4208029815348128
suspicious-document02411.txt,source-document03210.txt,0.42014534392428593
suspicious-document02413.txt,source-document10269.txt,0.4199788955328878
suspicious-document02421.txt,source-document04226.txt,0.41589051511119557
suspicious-document02422.txt,source-document00514.txt,0.4144112478031634
suspicious-document02425.txt,source-document08112.txt,0.4217664010849297
suspicious-document02426.txt,source-document00970.txt,0.41578674052276265
suspicious-document02427.txt,source-document06285.txt,0.41406383341867214
suspicious-document02428.txt,source-document00018.txt,0.4159323228762778
suspicious-document02429.txt,source-document06811.txt,0.41496241915748994
suspicious-document02435.txt,source-document03392.txt,0.42160645387583306
suspicious-document02436.txt,source-document00502.txt,0.42441966733686715
suspicious-document02437.txt,source-document08242.txt,0.43313650573115664
suspicious-document02438.txt,source-document07985.txt,0.4215787659427783
suspicious-document02440.txt,source-document08959.txt,0.4099293225305982
suspicious-document02444.txt,source-document09039.txt,0.426613775694194
suspicious-document02445.txt,source-document00795.txt,0.4201857368144384
suspicious-document02447.txt,source-document07150.txt,0.41968557758031444
suspicious-document02450.txt,source-document07816.txt,0.4043922756531617
suspicious-document02452.txt,source-document03834.txt,0.41821876058245855
suspicious-document02453.txt,source-document08959.txt,0.42194825490536547
suspicious-document02454.txt,source-document02653.txt,0.4188500727802038
suspicious-document02457.txt,source-document00254.txt,0.4195172773050877
suspicious-document02458.txt,source-document01127.txt,0.4240617327253595
suspicious-document02461.txt,source-document01127.txt,0.4214788732394366
suspicious-document02462.txt,source-document04877.txt,0.4146919431279621
suspicious-document02463.txt,source-document06332.txt,0.409214583711228
suspicious-document02464.txt,source-document06660.txt,0.4168377823408625
suspicious-document02467.txt,source-document04388.txt,0.4046899982234855
suspicious-document02468.txt,source-document01127.txt,0.41692150866462796
suspicious-document02475.txt,source-document00763.txt,0.4292035398230089
suspicious-document02476.txt,source-document02998.txt,0.4172736732570239
suspicious-document02477.txt,source-document02642.txt,0.42472375690607733
suspicious-document02479.txt,source-document06268.txt,0.4298004129387473
suspicious-document02480.txt,source-document10513.txt,0.4191982743124214
suspicious-document02481.txt,source-document00849.txt,0.41378110318427
suspicious-document02482.txt,source-document07401.txt,0.41841570751523366
suspicious-document02485.txt,source-document08242.txt,0.41933287950987064
suspicious-document02487.txt,source-document10652.txt,0.40710479573712255
suspicious-document02488.txt,source-document01483.txt,0.4232365145228216
suspicious-document02490.txt,source-document00349.txt,0.4229782868866473
suspicious-document02492.txt,source-document10269.txt,0.4246575342465754
suspicious-document02493.txt,source-document01532.txt,0.4062126642771804
suspicious-document02496.txt,source-document10988.txt,0.41944773843808236
suspicious-document02497.txt,source-document06277.txt,0.4279148936170213
suspicious-document02498.txt,source-document10289.txt,0.4189416919447253
suspicious-document02499.txt,source-document05940.txt,0.41803840877914955
suspicious-document02502.txt,source-document00057.txt,0.42810810810810807
suspicious-document02503.txt,source-document08832.txt,0.4257683625629449
suspicious-document02504.txt,source-document00970.txt,0.4234494477485131
suspicious-document02505.txt,source-document03485.txt,0.4095187355709465
suspicious-document02512.txt,source-document00534.txt,0.4101683270353831
suspicious-document02515.txt,source-document09382.txt,0.4214599824098505
suspicious-document02516.txt,source-document03141.txt,0.4213387699626232
suspicious-document02518.txt,source-document05423.txt,0.42123525329632194
suspicious-document02521.txt,source-document03712.txt,0.41820718521102196
suspicious-document02522.txt,source-document08183.txt,0.41418439716312055
suspicious-document02524.txt,source-document07571.txt,0.4174528301886793
suspicious-document02525.txt,source-document03892.txt,0.422859104170242
suspicious-document02526.txt,source-document02636.txt,0.42068605258575653
suspicious-document02527.txt,source-document04462.txt,0.4335766423357664
suspicious-document02528.txt,source-document04091.txt,0.40972935936964716
suspicious-document02532.txt,source-document03434.txt,0.4128765505020673
suspicious-document02533.txt,source-document01865.txt,0.4171467299220603
suspicious-document02535.txt,source-document09832.txt,0.42297915607524156
suspicious-document02541.txt,source-document00797.txt,0.41503103506123135
suspicious-document02542.txt,source-document03835.txt,0.4129540781357094
suspicious-document02543.txt,source-document07097.txt,0.4195311122862682
suspicious-document02545.txt,source-document02819.txt,0.4185412406271302
suspicious-document02546.txt,source-document05517.txt,0.4290884025504049
suspicious-document02550.txt,source-document09791.txt,0.4250177683013504
suspicious-document02552.txt,source-document10406.txt,0.4228727957541517
suspicious-document02554.txt,source-document08389.txt,0.41258031788975313
suspicious-document02556.txt,source-document05681.txt,0.42477280376977444
suspicious-document02561.txt,source-document10179.txt,0.41500344115622845
suspicious-document02565.txt,source-document02032.txt,0.4233761534286231
suspicious-document02567.txt,source-document10742.txt,0.4187761944677284
suspicious-document02574.txt,source-document05435.txt,0.42486505310813155
suspicious-document02579.txt,source-document06664.txt,0.42824680999825204
suspicious-document02580.txt,source-document06534.txt,0.4246004169562197
suspicious-document02583.txt,source-document03961.txt,0.4238522785024563
suspicious-document02586.txt,source-document08147.txt,0.4241537818637693
suspicious-document02587.txt,source-document05255.txt,0.4150287006435902
suspicious-document02588.txt,source-document01239.txt,0.4258474576271186
suspicious-document02589.txt,source-document08193.txt,0.41360262385637836
suspicious-document02590.txt,source-document06931.txt,0.42410796820114627
suspicious-document02593.txt,source-document08642.txt,0.4177555726364335
suspicious-document02596.txt,source-document06404.txt,0.42005610098176716
suspicious-document02599.txt,source-document03491.txt,0.4206391715765042
suspicious-document02600.txt,source-document00138.txt,0.4223666210670315
suspicious-document02602.txt,source-document06851.txt,0.4154013015184381
suspicious-document02603.txt,source-document03712.txt,0.4203753351206434
suspicious-document02606.txt,source-document08011.txt,0.4239188467698879
suspicious-document02607.txt,source-document06738.txt,0.42032252470955433
suspicious-document02608.txt,source-document01685.txt,0.41637990364762556
suspicious-document02613.txt,source-document02049.txt,0.4180212014134275
suspicious-document02616.txt,source-document02701.txt,0.4205512078938415
suspicious-document02620.txt,source-document08466.txt,0.42264150943396234
suspicious-document02621.txt,source-document05664.txt,0.4214948363381761
suspicious-document02622.txt,source-document09018.txt,0.4158246275047097
suspicious-document02623.txt,source-document03834.txt,0.42259488084730795
suspicious-document02626.txt,source-document05255.txt,0.4245998315080034
suspicious-document02627.txt,source-document02487.txt,0.4111979640065443
suspicious-document02628.txt,source-document04918.txt,0.4193718196174767
suspicious-document02629.txt,source-document00161.txt,0.421160760143811
suspicious-document02630.txt,source-document07335.txt,0.4204329004329004
suspicious-document02634.txt,source-document09194.txt,0.4300139275766016
suspicious-document02635.txt,source-document08125.txt,0.4148774302620456
suspicious-document02636.txt,source-document06924.txt,0.4232350925291295
suspicious-document02637.txt,source-document05815.txt,0.43108056510118364
suspicious-document02641.txt,source-document01518.txt,0.4303314246052403
suspicious-document02643.txt,source-document10094.txt,0.4222102037137191
suspicious-document02644.txt,source-document03742.txt,0.41777032690695726
suspicious-document02646.txt,source-document00765.txt,0.42088288651481554
suspicious-document02647.txt,source-document01314.txt,0.4237258035872846
suspicious-document02648.txt,source-document08879.txt,0.4193267050409908
suspicious-document02649.txt,source-document09799.txt,0.41909238835653584
suspicious-document02652.txt,source-document00963.txt,0.4149787234042554
suspicious-document02653.txt,source-document08759.txt,0.4209416725228391
suspicious-document02656.txt,source-document10616.txt,0.41832808674361666
suspicious-document02657.txt,source-document00960.txt,0.4244
suspicious-document02659.txt,source-document09780.txt,0.4318026045236463
suspicious-document02660.txt,source-document02461.txt,0.4166375393219154
suspicious-document02661.txt,source-document05853.txt,0.43017656500802576
suspicious-document02662.txt,source-document01722.txt,0.422821270310192
suspicious-document02663.txt,source-document05613.txt,0.4352130104295563
suspicious-document02664.txt,source-document07058.txt,0.42225800679906955
suspicious-document02665.txt,source-document00057.txt,0.41842397336293
suspicious-document02666.txt,source-document03401.txt,0.4233775059463133
suspicious-document02668.txt,source-document03834.txt,0.41490976555911613
suspicious-document02669.txt,source-document01976.txt,0.4148423005565862
suspicious-document02670.txt,source-document02685.txt,0.42011729162964284
suspicious-document02672.txt,source-document04204.txt,0.4096467391304348
suspicious-document02675.txt,source-document01482.txt,0.42131724484665656
suspicious-document02679.txt,source-document03536.txt,0.4176318063958513
suspicious-document02680.txt,source-document08694.txt,0.4204255319148936
suspicious-document02681.txt,source-document02675.txt,0.4239507123604158
suspicious-document02682.txt,source-document04137.txt,0.421743520700101
suspicious-document02686.txt,source-document05071.txt,0.4255395041911896
suspicious-document02691.txt,source-document07822.txt,0.42635523792923136
suspicious-document02693.txt,source-document09618.txt,0.41379310344827597
suspicious-document02694.txt,source-document04576.txt,0.41880341880341876
suspicious-document02696.txt,source-document08016.txt,0.425414364640884
suspicious-document02699.txt,source-document09382.txt,0.41334955675299845
suspicious-document02701.txt,source-document01127.txt,0.4169101220140917
suspicious-document02704.txt,source-document09187.txt,0.3995259861181649
suspicious-document02706.txt,source-document00803.txt,0.4175938803894298
suspicious-document02711.txt,source-document05548.txt,0.4326695916301047
suspicious-document02713.txt,source-document06474.txt,0.41105121293800534
suspicious-document02717.txt,source-document01295.txt,0.4205847153359549
suspicious-document02720.txt,source-document06384.txt,0.42161787632080366
suspicious-document02721.txt,source-document09614.txt,0.4197214076246334
suspicious-document02723.txt,source-document10670.txt,0.4157534246575343
suspicious-document02725.txt,source-document09139.txt,0.4134735341293887
suspicious-document02727.txt,source-document04795.txt,0.41855705270339416
suspicious-document02728.txt,source-document05920.txt,0.42416855302106915
suspicious-document02732.txt,source-document07728.txt,0.41834412742867144
suspicious-document02733.txt,source-document01127.txt,0.4197574266127615
suspicious-document02734.txt,source-document01127.txt,0.426861009890682
suspicious-document02736.txt,source-document03832.txt,0.413616147793363
suspicious-document02737.txt,source-document08112.txt,0.4297806184142339
suspicious-document02738.txt,source-document01251.txt,0.42203985932004684
suspicious-document02740.txt,source-document01722.txt,0.42124083676023605
suspicious-document02741.txt,source-document00138.txt,0.42227619708535735
suspicious-document02744.txt,source-document02653.txt,0.42767857142857146
suspicious-document02745.txt,source-document07188.txt,0.42156481121058775
suspicious-document02748.txt,source-document01722.txt,0.41982507288629733
suspicious-document02749.txt,source-document04695.txt,0.41794195250659627
suspicious-document02752.txt,source-document07680.txt,0.4217877094972067
suspicious-document02753.txt,source-document10685.txt,0.42118013497144835
suspicious-document02754.txt,source-document02804.txt,0.4171653274063942
suspicious-document02755.txt,source-document10521.txt,0.42266571632216676
suspicious-document02756.txt,source-document00093.txt,0.4188960379275313
suspicious-document02759.txt,source-document09338.txt,0.4226519337016575
suspicious-document02760.txt,source-document01722.txt,0.4229255774165954
suspicious-document02761.txt,source-document02573.txt,0.4240699329131937
suspicious-document02764.txt,source-document03998.txt,0.42461865909897123
suspicious-document02769.txt,source-document06414.txt,0.4261833538623966
suspicious-document02770.txt,source-document10531.txt,0.42152466367713004
suspicious-document02774.txt,source-document09499.txt,0.42354948805460746
suspicious-document02775.txt,source-document10125.txt,0.42374893977947414
suspicious-document02776.txt,source-document01599.txt,0.41628480789566447
suspicious-document02777.txt,source-document04713.txt,0.41956760718211794
suspicious-document02778.txt,source-document06815.txt,0.41747738521932065
suspicious-document02779.txt,source-document03037.txt,0.41671018276762406
suspicious-document02782.txt,source-document05362.txt,0.4089041095890411
suspicious-document02785.txt,source-document07030.txt,0.4196584175670965
suspicious-document02788.txt,source-document06022.txt,0.4184861717612809
suspicious-document02791.txt,source-document06938.txt,0.4206403269754768
suspicious-document02795.txt,source-document01874.txt,0.4193439296584376
suspicious-document02799.txt,source-document10495.txt,0.41941747572815535
suspicious-document02802.txt,source-document09033.txt,0.41466711726934785
suspicious-document02809.txt,source-document05101.txt,0.4164411366711772
suspicious-document02812.txt,source-document04977.txt,0.41642024699947827
suspicious-document02813.txt,source-document00881.txt,0.4246409413393321
suspicious-document02815.txt,source-document03278.txt,0.4228054298642534
suspicious-document02816.txt,source-document00900.txt,0.41435389782570264
suspicious-document02817.txt,source-document07406.txt,0.41791577444682365
suspicious-document02818.txt,source-document01983.txt,0.4166955316937998
suspicious-document02820.txt,source-document10606.txt,0.4182106934886183
suspicious-document02821.txt,source-document05205.txt,0.4264099037138928
suspicious-document02822.txt,source-document05951.txt,0.4191678035470668
suspicious-document02823.txt,source-document06534.txt,0.41788478073946694
suspicious-document02824.txt,source-document09691.txt,0.4174978127734034
suspicious-document02828.txt,source-document09748.txt,0.4157934131736527
suspicious-document02831.txt,source-document06935.txt,0.42895156998403405
suspicious-document02836.txt,source-document01096.txt,0.4233345082833979
suspicious-document02837.txt,source-document00349.txt,0.4275784332143529
suspicious-document02838.txt,source-document08172.txt,0.42488463510511015
suspicious-document02839.txt,source-document00153.txt,0.4183637013219007
suspicious-document02840.txt,source-document01244.txt,0.4186991869918699
suspicious-document02844.txt,source-document08373.txt,0.4150085275724844
suspicious-document02847.txt,source-document10859.txt,0.41881100266193433
suspicious-document02852.txt,source-document06919.txt,0.4136648063588703
suspicious-document02853.txt,source-document06857.txt,0.4211426616489907
suspicious-document02856.txt,source-document08961.txt,0.42329693187727513
suspicious-document02859.txt,source-document07030.txt,0.4342818428184282
suspicious-document02860.txt,source-document05664.txt,0.41877133105802045
suspicious-document02862.txt,source-document01058.txt,0.42829894225767295
suspicious-document02869.txt,source-document06466.txt,0.4282715185444367
suspicious-document02871.txt,source-document05548.txt,0.4180562573690416
suspicious-document02874.txt,source-document06332.txt,0.4091629955947137
suspicious-document02877.txt,source-document00795.txt,0.41576320770951647
suspicious-document02879.txt,source-document04414.txt,0.412015702338283
suspicious-document02880.txt,source-document04137.txt,0.4256733123469745
suspicious-document02881.txt,source-document02804.txt,0.425258168274928
suspicious-document02885.txt,source-document09377.txt,0.4219122150391289
suspicious-document02888.txt,source-document00640.txt,0.42727757059136917
suspicious-document02892.txt,source-document09799.txt,0.4209290625524065
suspicious-document02893.txt,source-document09089.txt,0.4215929203539823
suspicious-document02895.txt,source-document06052.txt,0.41397109428768064
suspicious-document02896.txt,source-document08982.txt,0.4170920778975231
suspicious-document02897.txt,source-document07571.txt,0.3897895826146948
suspicious-document02898.txt,source-document00636.txt,0.41952414275717287
suspicious-document02900.txt,source-document05792.txt,0.4213305174234424
suspicious-document02902.txt,source-document08841.txt,0.41345539706195444
suspicious-document02904.txt,source-document05743.txt,0.42136395267919285
suspicious-document02907.txt,source-document05119.txt,0.41869850344711623
suspicious-document02913.txt,source-document00607.txt,0.4214704867103901
suspicious-document02914.txt,source-document00153.txt,0.4209621993127147
suspicious-document02916.txt,source-document04280.txt,0.4179518281060475
suspicious-document02918.txt,source-document10094.txt,0.4201804455901307
suspicious-document02922.txt,source-document07580.txt,0.42171628721541154
suspicious-document02923.txt,source-document06022.txt,0.4216216216216216
suspicious-document02925.txt,source-document06744.txt,0.42481203007518803
suspicious-document02926.txt,source-document02232.txt,0.41148987714137397
suspicious-document02927.txt,source-document07030.txt,0.4187408491947291
suspicious-document02939.txt,source-document10127.txt,0.42133224356354715
suspicious-document02941.txt,source-document07841.txt,0.42383401312289415
suspicious-document02942.txt,source-document08148.txt,0.4307904729030031
suspicious-document02945.txt,source-document02072.txt,0.4154770848985725
suspicious-document02946.txt,source-document10658.txt,0.4162011173184358
suspicious-document02947.txt,source-document00166.txt,0.4248722917033645
suspicious-document02948.txt,source-document02822.txt,0.4238522785024563
suspicious-document02950.txt,source-document01652.txt,0.4333159450530343
suspicious-document02952.txt,source-document09291.txt,0.419753086419753
suspicious-document02958.txt,source-document00592.txt,0.4251700680272109
suspicious-document02960.txt,source-document00277.txt,0.421936589545844
suspicious-document02961.txt,source-document07377.txt,0.43107854830465153
suspicious-document02964.txt,source-document03141.txt,0.41423728813559324
suspicious-document02970.txt,source-document01932.txt,0.4230154501864678
suspicious-document02975.txt,source-document08346.txt,0.4132373113854595
suspicious-document02979.txt,source-document07072.txt,0.4253147329023478
suspicious-document02980.txt,source-document00763.txt,0.4195022854240731
suspicious-document02983.txt,source-document03724.txt,0.4137115839243499
suspicious-document02984.txt,source-document10859.txt,0.4225004408393581
suspicious-document02985.txt,source-document07806.txt,0.4211062097047845
suspicious-document02986.txt,source-document02334.txt,0.41915147384562956
suspicious-document02988.txt,source-document07336.txt,0.4218379111563242
suspicious-document02990.txt,source-document06384.txt,0.426389122041296
suspicious-document02992.txt,source-document04246.txt,0.42447916666666663
suspicious-document02995.txt,source-document00470.txt,0.4223300970873787
suspicious-document03002.txt,source-document06373.txt,0.41593680233556585
suspicious-document03005.txt,source-document01127.txt,0.4210348326006087
suspicious-document03007.txt,source-document09988.txt,0.4175486514168658
suspicious-document03008.txt,source-document06422.txt,0.4203713166411174
suspicious-document03012.txt,source-document05102.txt,0.4185728917719358
suspicious-document03013.txt,source-document00411.txt,0.43052236258108567
suspicious-document03016.txt,source-document02252.txt,0.4201709998255104
suspicious-document03017.txt,source-document09748.txt,0.41470785762256546
suspicious-document03018.txt,source-document10132.txt,0.4193209660483024
suspicious-document03021.txt,source-document10121.txt,0.42668519805420435
suspicious-document03023.txt,source-document03454.txt,0.41886409736308317
suspicious-document03025.txt,source-document01314.txt,0.42060953022394343
suspicious-document03026.txt,source-document10269.txt,0.4177326090765726
suspicious-document03027.txt,source-document06905.txt,0.4296428571428571
suspicious-document03030.txt,source-document02701.txt,0.4174889418169445
suspicious-document03033.txt,source-document00941.txt,0.41910468805075785
suspicious-document03035.txt,source-document08951.txt,0.41986687147977475
suspicious-document03037.txt,source-document09201.txt,0.42802078096195745
suspicious-document03039.txt,source-document01054.txt,0.4095238095238095
suspicious-document03041.txt,source-document09146.txt,0.42048234882908075
suspicious-document03042.txt,source-document00161.txt,0.42458483136449243
suspicious-document03045.txt,source-document01314.txt,0.4199134199134199
suspicious-document03046.txt,source-document04565.txt,0.42216624685138543
suspicious-document03047.txt,source-document07503.txt,0.4173282706247843
suspicious-document03048.txt,source-document08239.txt,0.4163568773234201
suspicious-document03050.txt,source-document00765.txt,0.41181769050621514
suspicious-document03051.txt,source-document07483.txt,0.42078395624430265
suspicious-document03054.txt,source-document02333.txt,0.41608212147134305
suspicious-document03055.txt,source-document07266.txt,0.4067993046165734
suspicious-document03059.txt,source-document08543.txt,0.4297640653357531
suspicious-document03060.txt,source-document01483.txt,0.4219741737798205
suspicious-document03061.txt,source-document07518.txt,0.41705506645952006
suspicious-document03062.txt,source-document04903.txt,0.4261156450772704
suspicious-document03063.txt,source-document05245.txt,0.42047594589967474
suspicious-document03064.txt,source-document07483.txt,0.42431850789096126
suspicious-document03068.txt,source-document00823.txt,0.42228739002932547
suspicious-document03071.txt,source-document08211.txt,0.4170922710248553
suspicious-document03072.txt,source-document09620.txt,0.41520467836257313
suspicious-document03073.txt,source-document00153.txt,0.4147053770829754
suspicious-document03077.txt,source-document00795.txt,0.41345831938399735
suspicious-document03080.txt,source-document10372.txt,0.42085848423876593
suspicious-document03084.txt,source-document01976.txt,0.4168428470754052
suspicious-document03085.txt,source-document05549.txt,0.4238078164216566
suspicious-document03086.txt,source-document10933.txt,0.4234737020125148
suspicious-document03088.txt,source-document03011.txt,0.41838518000699054
suspicious-document03090.txt,source-document10155.txt,0.4105160662122687
suspicious-document03092.txt,source-document02786.txt,0.4202070689039628
suspicious-document03093.txt,source-document06422.txt,0.399717763273946
suspicious-document03094.txt,source-document07695.txt,0.4230001813894432
suspicious-document03095.txt,source-document01974.txt,0.42018861334264757
suspicious-document03098.txt,source-document02072.txt,0.4299223235393448
suspicious-document03099.txt,source-document02972.txt,0.4271186440677967
suspicious-document03103.txt,source-document09382.txt,0.4201304753028891
suspicious-document03104.txt,source-document03279.txt,0.41829620812786944
suspicious-document03106.txt,source-document08737.txt,0.4251134644478064
suspicious-document03107.txt,source-document05517.txt,0.419114912606917
suspicious-document03109.txt,source-document01974.txt,0.41990886785839465
suspicious-document03110.txt,source-document00795.txt,0.42162733356815785
suspicious-document03111.txt,source-document00795.txt,0.41775544388609714
suspicious-document03112.txt,source-document08986.txt,0.4237841553531535
suspicious-document03113.txt,source-document01705.txt,0.42196237925775293
suspicious-document03116.txt,source-document06021.txt,0.41560258877033407
suspicious-document03117.txt,source-document02265.txt,0.42064741907261594
suspicious-document03119.txt,source-document05525.txt,0.4158180583842498
suspicious-document03121.txt,source-document10452.txt,0.4244774106540796
suspicious-document03122.txt,source-document00970.txt,0.4223623657746719
suspicious-document03125.txt,source-document01974.txt,0.4190508823025527
suspicious-document03127.txt,source-document06238.txt,0.42497482376636453
suspicious-document03128.txt,source-document09194.txt,0.43162538174414655
suspicious-document03132.txt,source-document07680.txt,0.4192307692307692
suspicious-document03133.txt,source-document01127.txt,0.4155752212389381
suspicious-document03134.txt,source-document01976.txt,0.4210901318133239
suspicious-document03135.txt,source-document04850.txt,0.4205020920502092
suspicious-document03140.txt,source-document09344.txt,0.41019014214509875
suspicious-document03141.txt,source-document00939.txt,0.41768237220301985
suspicious-document03144.txt,source-document01694.txt,0.42108843537414964
suspicious-document03146.txt,source-document10996.txt,0.42626262626262623
suspicious-document03148.txt,source-document06313.txt,0.41966512290701824
suspicious-document03152.txt,source-document03527.txt,0.41933788754598
suspicious-document03154.txt,source-document06836.txt,0.4205718152596853
suspicious-document03161.txt,source-document06531.txt,0.4245632609846479
suspicious-document03164.txt,source-document10416.txt,0.4215520162656726
suspicious-document03167.txt,source-document00780.txt,0.42767514813523877
suspicious-document03168.txt,source-document01983.txt,0.4322614654717975
suspicious-document03169.txt,source-document10586.txt,0.42110655737704916
suspicious-document03170.txt,source-document08172.txt,0.4181387725368785
suspicious-document03171.txt,source-document07699.txt,0.41784989858012167
suspicious-document03175.txt,source-document05525.txt,0.4237116874368474
suspicious-document03177.txt,source-document03832.txt,0.42281763180639587
suspicious-document03178.txt,source-document08242.txt,0.4330625220770046
suspicious-document03179.txt,source-document09105.txt,0.42247729998286787
suspicious-document03182.txt,source-document09382.txt,0.4234538695505238
suspicious-document03191.txt,source-document01652.txt,0.42414472505821244
suspicious-document03193.txt,source-document03342.txt,0.4092741935483871
suspicious-document03194.txt,source-document00168.txt,0.41966173361522197
suspicious-document03196.txt,source-document04850.txt,0.4149452128615053
suspicious-document03197.txt,source-document07955.txt,0.43043674020711387
suspicious-document03198.txt,source-document08045.txt,0.4179829890643985
suspicious-document03200.txt,source-document05872.txt,0.42354533152909335
suspicious-document03204.txt,source-document02804.txt,0.4284023668639053
suspicious-document03205.txt,source-document08725.txt,0.42233180697428674
suspicious-document03209.txt,source-document01127.txt,0.4212004212004212
suspicious-document03210.txt,source-document01989.txt,0.42306356373740883
suspicious-document03214.txt,source-document09370.txt,0.4245867768595041
suspicious-document03215.txt,source-document00899.txt,0.41588622962192157
suspicious-document03216.txt,source-document07377.txt,0.4201822477219035
suspicious-document03218.txt,source-document10577.txt,0.40836791147994467
suspicious-document03220.txt,source-document05358.txt,0.41987940800292345
suspicious-document03222.txt,source-document00257.txt,0.41995841995842
suspicious-document03223.txt,source-document05670.txt,0.41866802929654234
suspicious-document03224.txt,source-document05592.txt,0.4130397086873591
suspicious-document03228.txt,source-document05982.txt,0.4243252476938846
suspicious-document03229.txt,source-document10771.txt,0.42279539909376085
suspicious-document03230.txt,source-document01433.txt,0.4224806201550388
suspicious-document03231.txt,source-document07707.txt,0.4213740458015267
suspicious-document03232.txt,source-document01932.txt,0.43894165535956575
suspicious-document03235.txt,source-document04356.txt,0.41839656406585546
suspicious-document03236.txt,source-document00114.txt,0.4244196044711952
suspicious-document03237.txt,source-document01127.txt,0.422950251343387
suspicious-document03238.txt,source-document09273.txt,0.4257341707689696
suspicious-document03244.txt,source-document10331.txt,0.427315753887762
suspicious-document03245.txt,source-document04756.txt,0.4178093787032334
suspicious-document03247.txt,source-document01914.txt,0.4203354297693921
suspicious-document03248.txt,source-document10668.txt,0.4186942061963942
suspicious-document03250.txt,source-document10030.txt,0.41553875900861315
suspicious-document03252.txt,source-document01213.txt,0.4196223751544027
suspicious-document03256.txt,source-document10774.txt,0.40028823635381017
suspicious-document03260.txt,source-document05799.txt,0.42358000358358716
suspicious-document03261.txt,source-document09109.txt,0.42499153403318657
suspicious-document03262.txt,source-document05255.txt,0.430178231527946
suspicious-document03263.txt,source-document09603.txt,0.42107142857142854
suspicious-document03265.txt,source-document00970.txt,0.4297806184142339
suspicious-document03266.txt,source-document07900.txt,0.42451215337213294
suspicious-document03268.txt,source-document08027.txt,0.41472141761799286
suspicious-document03269.txt,source-document10055.txt,0.42782931354359927
suspicious-document03270.txt,source-document04666.txt,0.41598842466992225
suspicious-document03271.txt,source-document09382.txt,0.4109058927000879
suspicious-document03280.txt,source-document01127.txt,0.42767514813523877
suspicious-document03282.txt,source-document05709.txt,0.42846975088967976
suspicious-document03283.txt,source-document05885.txt,0.4174707973590655
suspicious-document03285.txt,source-document07976.txt,0.4251466890192791
suspicious-document03286.txt,source-document06343.txt,0.4265863050393437
suspicious-document03288.txt,source-document07317.txt,0.4220887554220888
suspicious-document03290.txt,source-document09297.txt,0.4262526464361327
suspicious-document03291.txt,source-document02573.txt,0.4242839993140113
suspicious-document03292.txt,source-document02673.txt,0.421108553214096
suspicious-document03293.txt,source-document04941.txt,0.42457900394123965
suspicious-document03294.txt,source-document04960.txt,0.4191873993198496
suspicious-document03297.txt,source-document08566.txt,0.4196398233095481
suspicious-document03306.txt,source-document08506.txt,0.4189964157706093
suspicious-document03311.txt,source-document09799.txt,0.42264017033356993
suspicious-document03312.txt,source-document04131.txt,0.42462399440363763
suspicious-document03314.txt,source-document01445.txt,0.4192341941228851
suspicious-document03315.txt,source-document02877.txt,0.4213533297625423
suspicious-document03322.txt,source-document02033.txt,0.4176205341657995
suspicious-document03323.txt,source-document08934.txt,0.42127435492364407
suspicious-document03324.txt,source-document00706.txt,0.42381539545534624
suspicious-document03327.txt,source-document10416.txt,0.42056451612903223
suspicious-document03332.txt,source-document04390.txt,0.4245584524810765
suspicious-document03334.txt,source-document10531.txt,0.42399283795881826
suspicious-document03337.txt,source-document06932.txt,0.416550279329609
suspicious-document03338.txt,source-document09603.txt,0.4203343568747867
suspicious-document03339.txt,source-document10030.txt,0.42026608347002004
suspicious-document03340.txt,source-document01213.txt,0.4199637023593466
suspicious-document03343.txt,source-document05871.txt,0.42135989010989006
suspicious-document03345.txt,source-document04920.txt,0.41774744027303756
suspicious-document03347.txt,source-document03881.txt,0.42366541992519546
suspicious-document03348.txt,source-document10125.txt,0.42321302193913657
suspicious-document03349.txt,source-document03780.txt,0.42699772687532783
suspicious-document03351.txt,source-document04710.txt,0.420462270564242
suspicious-document03352.txt,source-document06003.txt,0.42000709471443776
suspicious-document03353.txt,source-document04962.txt,0.4215200683176772
suspicious-document03354.txt,source-document06938.txt,0.4199899040888441
suspicious-document03356.txt,source-document06105.txt,0.40548040235865423
suspicious-document03362.txt,source-document09711.txt,0.4197359277275886
suspicious-document03363.txt,source-document02822.txt,0.4199613424705676
suspicious-document03367.txt,source-document04264.txt,0.421384750219106
suspicious-document03368.txt,source-document09917.txt,0.4229496138286135
suspicious-document03371.txt,source-document05190.txt,0.422241529105126
suspicious-document03381.txt,source-document09546.txt,0.42112459408648095
suspicious-document03383.txt,source-document06242.txt,0.42329873125720874
suspicious-document03384.txt,source-document10789.txt,0.41604375569735635
suspicious-document03387.txt,source-document06536.txt,0.4165247018739353
suspicious-document03388.txt,source-document10073.txt,0.41941887745894246
suspicious-document03394.txt,source-document00060.txt,0.4170828310659549
suspicious-document03395.txt,source-document09209.txt,0.40868499387147605
suspicious-document03396.txt,source-document10160.txt,0.423804780876494
suspicious-document03398.txt,source-document02497.txt,0.4088748019017433
suspicious-document03399.txt,source-document10549.txt,0.41958762886597933
suspicious-document03400.txt,source-document10988.txt,0.41925741694794816
suspicious-document03401.txt,source-document05152.txt,0.40944881889763785
suspicious-document03404.txt,source-document07389.txt,0.42245989304812837
suspicious-document03405.txt,source-document01221.txt,0.4213100436681223
suspicious-document03406.txt,source-document10125.txt,0.421268592921867
suspicious-document03409.txt,source-document03881.txt,0.41715466758525666
suspicious-document03410.txt,source-document09210.txt,0.41516620498614953
suspicious-document03412.txt,source-document09270.txt,0.4139486467730743
suspicious-document03413.txt,source-document08334.txt,0.42156018598243494
suspicious-document03414.txt,source-document08239.txt,0.41115702479338845
suspicious-document03415.txt,source-document02369.txt,0.4201617453451194
suspicious-document03419.txt,source-document05218.txt,0.42699074913840024
suspicious-document03421.txt,source-document10859.txt,0.43119757272889525
suspicious-document03425.txt,source-document01248.txt,0.42744892613933994
suspicious-document03435.txt,source-document07921.txt,0.4175675675675675
suspicious-document03437.txt,source-document04941.txt,0.4127592818546278
suspicious-document03438.txt,source-document08737.txt,0.4148541114058355
suspicious-document03444.txt,source-document05168.txt,0.4261492746023422
suspicious-document03445.txt,source-document01136.txt,0.42447962995908206
suspicious-document03446.txt,source-document06111.txt,0.4163287374966207
suspicious-document03447.txt,source-document05249.txt,0.40449438202247184
suspicious-document03449.txt,source-document00679.txt,0.419628360093812
suspicious-document03450.txt,source-document03540.txt,0.42859633827375765
suspicious-document03452.txt,source-document04805.txt,0.42393041008343685
suspicious-document03455.txt,source-document05271.txt,0.41915550978372806
suspicious-document03461.txt,source-document03416.txt,0.42579949694574204
suspicious-document03462.txt,source-document08055.txt,0.42469418960244654
suspicious-document03463.txt,source-document06738.txt,0.4191057640509966
suspicious-document03464.txt,source-document08195.txt,0.42746288798920373
suspicious-document03465.txt,source-document07395.txt,0.41782531194295897
suspicious-document03466.txt,source-document03701.txt,0.4166062364031907
suspicious-document03467.txt,source-document09194.txt,0.42601054481546574
suspicious-document03468.txt,source-document10055.txt,0.42439926062846584
suspicious-document03469.txt,source-document01629.txt,0.43080625752105894
suspicious-document03471.txt,source-document01636.txt,0.42156018598243494
suspicious-document03472.txt,source-document05940.txt,0.4209619031201517
suspicious-document03473.txt,source-document09382.txt,0.4275451200280358
suspicious-document03475.txt,source-document01652.txt,0.4337180832458901
suspicious-document03478.txt,source-document04357.txt,0.4203338391502276
suspicious-document03479.txt,source-document08125.txt,0.4128023276959447
suspicious-document03482.txt,source-document01127.txt,0.4252717391304348
suspicious-document03483.txt,source-document05071.txt,0.4265039232781168
suspicious-document03486.txt,source-document09157.txt,0.434395340870161
suspicious-document03487.txt,source-document08759.txt,0.42138255267281916
suspicious-document03490.txt,source-document04850.txt,0.4194474345174022
suspicious-document03492.txt,source-document07870.txt,0.42619453924914674
suspicious-document03494.txt,source-document09292.txt,0.41465532210453204
suspicious-document03496.txt,source-document07926.txt,0.41344827586206906
suspicious-document03499.txt,source-document03690.txt,0.4121900826446281
suspicious-document03500.txt,source-document00856.txt,0.42423190418330153
suspicious-document03504.txt,source-document01248.txt,0.41841450408816205
suspicious-document03506.txt,source-document04151.txt,0.42208126178638783
suspicious-document03509.txt,source-document11030.txt,0.40958083832335335
suspicious-document03510.txt,source-document06872.txt,0.4157912572009488
suspicious-document03512.txt,source-document05271.txt,0.4203646370829034
suspicious-document03514.txt,source-document08649.txt,0.42313651230848687
suspicious-document03515.txt,source-document03048.txt,0.4205993181410371
suspicious-document03516.txt,source-document09565.txt,0.4286196422544718
suspicious-document03518.txt,source-document02072.txt,0.4283447911158117
suspicious-document03519.txt,source-document02972.txt,0.4258606213266163
suspicious-document03520.txt,source-document03304.txt,0.41917424772568235
suspicious-document03521.txt,source-document03401.txt,0.4316298342541437
suspicious-document03522.txt,source-document00795.txt,0.41066105558477994
suspicious-document03527.txt,source-document06022.txt,0.4211079943899019
suspicious-document03529.txt,source-document08638.txt,0.4175414832373857
suspicious-document03530.txt,source-document00911.txt,0.42300363762341947
suspicious-document03533.txt,source-document00974.txt,0.41870661308001467
suspicious-document03534.txt,source-document00018.txt,0.418858899897506
suspicious-document03536.txt,source-document04756.txt,0.4205491585473871
suspicious-document03537.txt,source-document04007.txt,0.40613561094648776
suspicious-document03539.txt,source-document05526.txt,0.4214285714285714
suspicious-document03540.txt,source-document06931.txt,0.4166235557854803
suspicious-document03542.txt,source-document07364.txt,0.4207453202816418
suspicious-document03544.txt,source-document10007.txt,0.41558901682905225
suspicious-document03545.txt,source-document08602.txt,0.42208800690250214
suspicious-document03546.txt,source-document09088.txt,0.4175120128136679
suspicious-document03548.txt,source-document06537.txt,0.4153735113677372
suspicious-document03550.txt,source-document05710.txt,0.41559357911448225
suspicious-document03551.txt,source-document10586.txt,0.4138172891460636
suspicious-document03552.txt,source-document04137.txt,0.4221635883905013
suspicious-document03553.txt,source-document01426.txt,0.39878506342683584
suspicious-document03555.txt,source-document09382.txt,0.43017150857542874
suspicious-document03556.txt,source-document07085.txt,0.41882271227643686
suspicious-document03557.txt,source-document00166.txt,0.4255171215018251
suspicious-document03559.txt,source-document08372.txt,0.41786447638603696
suspicious-document03563.txt,source-document06642.txt,0.4152155536770922
suspicious-document03572.txt,source-document10577.txt,0.41655076495132126
suspicious-document03573.txt,source-document04805.txt,0.4352900789564023
suspicious-document03574.txt,source-document08900.txt,0.417921146953405
suspicious-document03575.txt,source-document08484.txt,0.4182586644125106
suspicious-document03576.txt,source-document06738.txt,0.42136190805392326
suspicious-document03577.txt,source-document10179.txt,0.42803904170363793
suspicious-document03587.txt,source-document06764.txt,0.41953423705248527
suspicious-document03589.txt,source-document02385.txt,0.42677527890915534
suspicious-document03593.txt,source-document02414.txt,0.41134267167748545
suspicious-document03601.txt,source-document00679.txt,0.42615803814713893
suspicious-document03603.txt,source-document06476.txt,0.418732782369146
suspicious-document03605.txt,source-document08283.txt,0.40454884414615955
suspicious-document03610.txt,source-document04203.txt,0.41878260869565215
suspicious-document03611.txt,source-document06861.txt,0.42195420381052257
suspicious-document03613.txt,source-document01694.txt,0.41201425419989823
suspicious-document03615.txt,source-document03917.txt,0.4131607335490831
suspicious-document03616.txt,source-document03069.txt,0.41771932860356464
suspicious-document03619.txt,source-document09046.txt,0.41668158224449614
suspicious-document03623.txt,source-document06764.txt,0.4241192411924119
suspicious-document03630.txt,source-document01127.txt,0.4232638888888889
suspicious-document03633.txt,source-document05423.txt,0.426626323751891
suspicious-document03635.txt,source-document00833.txt,0.4240864642305713
suspicious-document03640.txt,source-document06242.txt,0.4167808219178082
suspicious-document03641.txt,source-document02631.txt,0.4218026362664766
suspicious-document03644.txt,source-document06242.txt,0.42017738359201773
suspicious-document03648.txt,source-document09576.txt,0.41696113074204944
suspicious-document03652.txt,source-document02446.txt,0.42372586536789003
suspicious-document03655.txt,source-document01722.txt,0.41966426858513195
suspicious-document03656.txt,source-document04414.txt,0.4142152695119877
suspicious-document03659.txt,source-document08768.txt,0.41749571183533457
suspicious-document03661.txt,source-document06123.txt,0.4220872051465332
suspicious-document03662.txt,source-document05068.txt,0.42328581126951803
suspicious-document03664.txt,source-document00254.txt,0.4209627859337658
suspicious-document03670.txt,source-document04762.txt,0.42654392021480625
suspicious-document03672.txt,source-document04699.txt,0.41938235795939266
suspicious-document03674.txt,source-document01509.txt,0.40998641304347827
suspicious-document03675.txt,source-document04675.txt,0.4226509467667023
suspicious-document03676.txt,source-document04941.txt,0.4207264589430194
suspicious-document03678.txt,source-document07205.txt,0.4289115646258503
suspicious-document03681.txt,source-document01412.txt,0.4208354822073234
suspicious-document03682.txt,source-document06384.txt,0.41570026761819806
suspicious-document03683.txt,source-document09700.txt,0.4263312079958642
suspicious-document03692.txt,source-document04885.txt,0.426906779661017
suspicious-document03697.txt,source-document01212.txt,0.41675656238763037
suspicious-document03698.txt,source-document08283.txt,0.4053613475819597
suspicious-document03699.txt,source-document00738.txt,0.41722193746796504
suspicious-document03700.txt,source-document02998.txt,0.4291318437659901
suspicious-document03702.txt,source-document06242.txt,0.4236933797909408
suspicious-document03705.txt,source-document04872.txt,0.42153846153846153
suspicious-document03707.txt,source-document08195.txt,0.42729766803840874
suspicious-document03708.txt,source-document07395.txt,0.407564510427713
suspicious-document03718.txt,source-document02072.txt,0.40386043058648846
suspicious-document03720.txt,source-document02685.txt,0.4234595915517543
suspicious-document03723.txt,source-document03860.txt,0.41162227602905566
suspicious-document03724.txt,source-document02721.txt,0.4356643356643357
suspicious-document03725.txt,source-document10434.txt,0.4222534222534222
suspicious-document03726.txt,source-document02072.txt,0.4276581426648721
suspicious-document03727.txt,source-document04574.txt,0.4252154808179821
suspicious-document03739.txt,source-document03304.txt,0.42150968603874417
suspicious-document03746.txt,source-document01251.txt,0.42099827882960417
suspicious-document03748.txt,source-document04904.txt,0.4186374867631486
suspicious-document03750.txt,source-document05218.txt,0.41666666666666663
suspicious-document03751.txt,source-document04763.txt,0.42217186682935337
suspicious-document03753.txt,source-document00795.txt,0.4165457184325108
suspicious-document03756.txt,source-document03012.txt,0.4182238832532479
suspicious-document03758.txt,source-document08566.txt,0.4207801173627891
suspicious-document03759.txt,source-document00744.txt,0.41880341880341876
suspicious-document03761.txt,source-document00923.txt,0.4192923781024468
suspicious-document03763.txt,source-document03834.txt,0.4244505494505495
suspicious-document03765.txt,source-document01309.txt,0.420545746388443
suspicious-document03767.txt,source-document04910.txt,0.4170632222977566
suspicious-document03770.txt,source-document08312.txt,0.4217298070050036
suspicious-document03771.txt,source-document00161.txt,0.4275624461670974
suspicious-document03772.txt,source-document10092.txt,0.4242525471855687
suspicious-document03774.txt,source-document09377.txt,0.4236641221374045
suspicious-document03775.txt,source-document07806.txt,0.4176131399615586
suspicious-document03777.txt,source-document04425.txt,0.419753086419753
suspicious-document03779.txt,source-document04566.txt,0.42110951008645536
suspicious-document03780.txt,source-document07752.txt,0.42170205044456543
suspicious-document03783.txt,source-document10662.txt,0.42183202877089065
suspicious-document03784.txt,source-document09179.txt,0.4216431415128483
suspicious-document03786.txt,source-document09927.txt,0.41631409713995604
suspicious-document03788.txt,source-document05435.txt,0.4302203567681008
suspicious-document03789.txt,source-document05159.txt,0.4115067532011928
suspicious-document03790.txt,source-document06924.txt,0.4253331026129088
suspicious-document03791.txt,source-document02072.txt,0.42376373626373637
suspicious-document03792.txt,source-document09943.txt,0.416810196348605
suspicious-document03795.txt,source-document10010.txt,0.4133380884450785
suspicious-document03796.txt,source-document00763.txt,0.4157814871016691
suspicious-document03797.txt,source-document06374.txt,0.42198702628883583
suspicious-document03799.txt,source-document04388.txt,0.413953488372093
suspicious-document03800.txt,source-document08292.txt,0.42580409356725146
suspicious-document03801.txt,source-document01629.txt,0.42339832869080785
suspicious-document03803.txt,source-document05781.txt,0.4245515300738656
suspicious-document03804.txt,source-document00890.txt,0.41939352407058417
suspicious-document03807.txt,source-document08332.txt,0.42578659370725036
suspicious-document03809.txt,source-document09516.txt,0.42768595041322316
suspicious-document03810.txt,source-document00138.txt,0.4183583406884378
suspicious-document03812.txt,source-document06176.txt,0.42466451503312386
suspicious-document03814.txt,source-document03416.txt,0.4180751983442567
suspicious-document03815.txt,source-document09700.txt,0.42040607404879715
suspicious-document03818.txt,source-document04137.txt,0.42037996545768563
suspicious-document03819.txt,source-document01722.txt,0.43016865643357977
suspicious-document03828.txt,source-document03651.txt,0.4163556158805564
suspicious-document03830.txt,source-document07938.txt,0.4239401496259352
suspicious-document03831.txt,source-document05992.txt,0.42481203007518803
suspicious-document03836.txt,source-document10121.txt,0.4200711985082217
suspicious-document03840.txt,source-document02418.txt,0.4156765383933322
suspicious-document03841.txt,source-document06819.txt,0.41766784452296823
suspicious-document03842.txt,source-document06819.txt,0.41389728096676737
suspicious-document03843.txt,source-document10698.txt,0.42231909328683526
suspicious-document03844.txt,source-document04666.txt,0.4195780006918022
suspicious-document03845.txt,source-document03701.txt,0.41992753623188406
suspicious-document03846.txt,source-document02072.txt,0.4224273028034129
suspicious-document03849.txt,source-document01536.txt,0.4175004239443785
suspicious-document03852.txt,source-document00967.txt,0.42681642681642684
suspicious-document03855.txt,source-document03830.txt,0.42030215583092856
suspicious-document03856.txt,source-document09799.txt,0.42035623409669204
suspicious-document03865.txt,source-document04319.txt,0.42152312188413277
suspicious-document03870.txt,source-document05282.txt,0.4193659545141281
suspicious-document03875.txt,source-document06128.txt,0.41364902506963785
suspicious-document03876.txt,source-document02702.txt,0.4289908256880734
suspicious-document03877.txt,source-document06022.txt,0.4175940646528882
suspicious-document03879.txt,source-document04458.txt,0.4055363321799308
suspicious-document03882.txt,source-document03881.txt,0.4076029567053854
suspicious-document03883.txt,source-document09799.txt,0.42702050663449936
suspicious-document03884.txt,source-document01507.txt,0.4195804195804196
suspicious-document03885.txt,source-document10491.txt,0.4206081081081081
suspicious-document03886.txt,source-document05405.txt,0.41727672035139096
suspicious-document03887.txt,source-document06422.txt,0.42207677339465766
suspicious-document03888.txt,source-document06230.txt,0.41656804733727815
suspicious-document03889.txt,source-document06362.txt,0.4209818426361802
suspicious-document03892.txt,source-document01350.txt,0.4268585131894484
suspicious-document03893.txt,source-document06022.txt,0.4359849778081257
suspicious-document03894.txt,source-document06067.txt,0.4134907251264755
suspicious-document03895.txt,source-document07897.txt,0.39634260123157306
suspicious-document03896.txt,source-document01251.txt,0.42545710267229253
suspicious-document03897.txt,source-document09112.txt,0.42192921582234555
suspicious-document03898.txt,source-document08986.txt,0.4252559726962457
suspicious-document03899.txt,source-document10179.txt,0.430379746835443
suspicious-document03901.txt,source-document08543.txt,0.4248185274801244
suspicious-document03902.txt,source-document01255.txt,0.4124303327140686
suspicious-document03904.txt,source-document10043.txt,0.41489001692047384
suspicious-document03912.txt,source-document07687.txt,0.42358389739935876
suspicious-document03915.txt,source-document11069.txt,0.4156781846312533
suspicious-document03919.txt,source-document05055.txt,0.41310924369747903
suspicious-document03921.txt,source-document02257.txt,0.4316098910600034
suspicious-document03923.txt,source-document11053.txt,0.4223300970873787
suspicious-document03924.txt,source-document03712.txt,0.4201052810324334
suspicious-document03929.txt,source-document00795.txt,0.41490323747513114
suspicious-document03932.txt,source-document07030.txt,0.41054751876945617
suspicious-document03933.txt,source-document04495.txt,0.4182549396747683
suspicious-document03934.txt,source-document09983.txt,0.4205006765899865
suspicious-document03937.txt,source-document09832.txt,0.4135948596550558
suspicious-document03939.txt,source-document04780.txt,0.4169071464946528
suspicious-document03940.txt,source-document06490.txt,0.41273666092943206
suspicious-document03942.txt,source-document02998.txt,0.4227979274611398
suspicious-document03944.txt,source-document01983.txt,0.41849232361566324
suspicious-document03946.txt,source-document01607.txt,0.40715029503644573
suspicious-document03947.txt,source-document08497.txt,0.4179053476849479
suspicious-document03948.txt,source-document01127.txt,0.4246091780131115
suspicious-document03954.txt,source-document00176.txt,0.4256393001345895
suspicious-document03958.txt,source-document09799.txt,0.42303805995284605
suspicious-document03959.txt,source-document04278.txt,0.4209068881966078
suspicious-document03961.txt,source-document01798.txt,0.41534908509504354
suspicious-document03962.txt,source-document03860.txt,0.4129710780017528
suspicious-document03963.txt,source-document03416.txt,0.4272211720226843
suspicious-document03966.txt,source-document05071.txt,0.4272509414584047
suspicious-document03968.txt,source-document02653.txt,0.4257083621285418
suspicious-document03970.txt,source-document07630.txt,0.42690058479532167
suspicious-document03974.txt,source-document00803.txt,0.41740013540961407
suspicious-document03975.txt,source-document02488.txt,0.42664725154714234
suspicious-document03981.txt,source-document09916.txt,0.40910733646548614
suspicious-document03988.txt,source-document09018.txt,0.41513257895625744
suspicious-document03989.txt,source-document06905.txt,0.42024432809773127
suspicious-document03991.txt,source-document02972.txt,0.4181220819643784
suspicious-document03997.txt,source-document07622.txt,0.4236435501257636
suspicious-document04002.txt,source-document05564.txt,0.4096467391304348
suspicious-document04003.txt,source-document04885.txt,0.4189047785141262
suspicious-document04006.txt,source-document04977.txt,0.41951051361599445
suspicious-document04009.txt,source-document06242.txt,0.42157382847038016
suspicious-document04010.txt,source-document00540.txt,0.41094928934900865
suspicious-document04013.txt,source-document06938.txt,0.42160978280708167
suspicious-document04014.txt,source-document02072.txt,0.41436570766557246
suspicious-document04015.txt,source-document00374.txt,0.41536077148269335
suspicious-document04017.txt,source-document01125.txt,0.42032643446071005
suspicious-document04018.txt,source-document04458.txt,0.4172019985724482
suspicious-document04020.txt,source-document04725.txt,0.41961471103327497
suspicious-document04021.txt,source-document06919.txt,0.4145040881621045
suspicious-document04022.txt,source-document05205.txt,0.4259865586765466
suspicious-document04033.txt,source-document10774.txt,0.3932729624838293
suspicious-document04034.txt,source-document07030.txt,0.4153161175422974
suspicious-document04035.txt,source-document08986.txt,0.4141045683515719
suspicious-document04037.txt,source-document01116.txt,0.427486309839251
suspicious-document04039.txt,source-document02909.txt,0.42202779207411223
suspicious-document04040.txt,source-document02072.txt,0.43288590604026844
suspicious-document04043.txt,source-document10691.txt,0.43163681503812734
suspicious-document04044.txt,source-document01444.txt,0.4229979466119097
suspicious-document04045.txt,source-document02784.txt,0.4147393179145433
suspicious-document04047.txt,source-document04699.txt,0.4161849710982659
suspicious-document04048.txt,source-document01080.txt,0.41233985165205667
suspicious-document04049.txt,source-document06887.txt,0.4204833530505324
suspicious-document04057.txt,source-document00795.txt,0.42225743969008633
suspicious-document04059.txt,source-document05871.txt,0.4294786096256684
suspicious-document04072.txt,source-document09507.txt,0.4201680672268907
suspicious-document04073.txt,source-document00795.txt,0.41857923497267757
suspicious-document04075.txt,source-document04659.txt,0.41546922121695945
suspicious-document04079.txt,source-document06830.txt,0.43107334836136635
suspicious-document04085.txt,source-document03270.txt,0.4190028537854624
suspicious-document04086.txt,source-document04659.txt,0.4152812168376371
suspicious-document04089.txt,source-document00795.txt,0.41860465116279066
suspicious-document04092.txt,source-document07406.txt,0.42201512220854576
suspicious-document04101.txt,source-document09912.txt,0.4147145583897276
suspicious-document04108.txt,source-document01127.txt,0.4158682131450664
suspicious-document04110.txt,source-document04088.txt,0.4192685102586976
suspicious-document04114.txt,source-document02005.txt,0.4125
suspicious-document04118.txt,source-document05055.txt,0.411710209375579
suspicious-document04121.txt,source-document01604.txt,0.42142107105355264
suspicious-document04123.txt,source-document09748.txt,0.4183620239958267
suspicious-document04124.txt,source-document05917.txt,0.41687936021779814
suspicious-document04125.txt,source-document08283.txt,0.42083644510828977
suspicious-document04130.txt,source-document03476.txt,0.4176121930567316
suspicious-document04134.txt,source-document05743.txt,0.40937940761636105
suspicious-document04137.txt,source-document00026.txt,0.42245350622760625
suspicious-document04139.txt,source-document07868.txt,0.41463414634146345
suspicious-document04141.txt,source-document10586.txt,0.41503870254331
suspicious-document04144.txt,source-document00473.txt,0.41894997348417884
suspicious-document04145.txt,source-document09084.txt,0.40654285227466347
suspicious-document04147.txt,source-document09832.txt,0.4298200514138818
suspicious-document04149.txt,source-document10910.txt,0.408952551477171
suspicious-document04151.txt,source-document05078.txt,0.42492822158419186
suspicious-document04153.txt,source-document08182.txt,0.41542416452442155
suspicious-document04157.txt,source-document07364.txt,0.4122791973932431
suspicious-document04158.txt,source-document01239.txt,0.42362232992281457
suspicious-document04159.txt,source-document03444.txt,0.41600000000000004
suspicious-document04160.txt,source-document01127.txt,0.4288321167883211
suspicious-document04164.txt,source-document11091.txt,0.4191780821917808
suspicious-document04166.txt,source-document00153.txt,0.4177151484650226
suspicious-document04171.txt,source-document10218.txt,0.40682891391209586
suspicious-document04172.txt,source-document08638.txt,0.41577825159914716
suspicious-document04173.txt,source-document08543.txt,0.42011834319526625
suspicious-document04174.txt,source-document10437.txt,0.4202702702702703
suspicious-document04175.txt,source-document07900.txt,0.42242276987157235
suspicious-document04176.txt,source-document06612.txt,0.42290129961362843
suspicious-document04179.txt,source-document01403.txt,0.41738177834580964
suspicious-document04180.txt,source-document07292.txt,0.42543709290366816
suspicious-document04186.txt,source-document00884.txt,0.41807699460665804
suspicious-document04188.txt,source-document00122.txt,0.4205840455840456
suspicious-document04191.txt,source-document05009.txt,0.4205831903945112
suspicious-document04194.txt,source-document04137.txt,0.4227234753550542
suspicious-document04195.txt,source-document02162.txt,0.4201507882111035
suspicious-document04198.txt,source-document10092.txt,0.42921896792189684
suspicious-document04200.txt,source-document04872.txt,0.4206955046649703
suspicious-document04201.txt,source-document08621.txt,0.4171548117154812
suspicious-document04202.txt,source-document06932.txt,0.41878035617916887
suspicious-document04203.txt,source-document01657.txt,0.42440225035161755
suspicious-document04204.txt,source-document08638.txt,0.4182278481012658
suspicious-document04205.txt,source-document08093.txt,0.4243353783231084
suspicious-document04206.txt,source-document06935.txt,0.42338291248702875
suspicious-document04208.txt,source-document02314.txt,0.41861275705820844
suspicious-document04210.txt,source-document10992.txt,0.4261631827376938
suspicious-document04211.txt,source-document02896.txt,0.42538071065989846
suspicious-document04212.txt,source-document02966.txt,0.4298365122615804
suspicious-document04216.txt,source-document07471.txt,0.41820819731592307
suspicious-document04217.txt,source-document04014.txt,0.4186284544524054
suspicious-document04220.txt,source-document06998.txt,0.41441761363636365
suspicious-document04221.txt,source-document08242.txt,0.43485646339391887
suspicious-document04222.txt,source-document04881.txt,0.41738177834580964
suspicious-document04223.txt,source-document09088.txt,0.42527511537096196
suspicious-document04224.txt,source-document04666.txt,0.42660735948241
suspicious-document04229.txt,source-document08534.txt,0.4140954307873883
suspicious-document04230.txt,source-document10331.txt,0.42026342451874366
suspicious-document04232.txt,source-document08301.txt,0.41766196163590297
suspicious-document04233.txt,source-document00683.txt,0.4280677009873061
suspicious-document04234.txt,source-document06332.txt,0.4065855404438081
suspicious-document04237.txt,source-document03135.txt,0.4280902660828561
suspicious-document04238.txt,source-document05605.txt,0.41540977648555333
suspicious-document04243.txt,source-document00227.txt,0.4197359277275886
suspicious-document04247.txt,source-document01155.txt,0.41642626845409814
suspicious-document04249.txt,source-document01657.txt,0.4249618450059353
suspicious-document04253.txt,source-document02379.txt,0.4288399111566717
suspicious-document04254.txt,source-document00534.txt,0.4207317073170732
suspicious-document04257.txt,source-document09166.txt,0.4194119730782855
suspicious-document04259.txt,source-document01826.txt,0.41816261879619854
suspicious-document04261.txt,source-document03401.txt,0.4223471539002108
suspicious-document04262.txt,source-document05769.txt,0.4217639923756714
suspicious-document04270.txt,source-document05411.txt,0.4084385267162373
suspicious-document04272.txt,source-document06967.txt,0.42614570020083986
suspicious-document04276.txt,source-document00125.txt,0.42488672011153716
suspicious-document04278.txt,source-document03172.txt,0.4229105381553902
suspicious-document04279.txt,source-document08634.txt,0.41727115716753027
suspicious-document04281.txt,source-document08093.txt,0.42684968195513895
suspicious-document04282.txt,source-document10549.txt,0.4184055644729801
suspicious-document04288.txt,source-document07915.txt,0.42197647884851675
suspicious-document04289.txt,source-document05403.txt,0.426739613609164
suspicious-document04290.txt,source-document02683.txt,0.4253651585322407
suspicious-document04291.txt,source-document03604.txt,0.4191448178778814
suspicious-document04294.txt,source-document08533.txt,0.8207934336525308
suspicious-document04299.txt,source-document01557.txt,0.4174003107198343
suspicious-document04301.txt,source-document01127.txt,0.4208311415044713
suspicious-document04304.txt,source-document09692.txt,0.41630827455702735
suspicious-document04305.txt,source-document02673.txt,0.420034542314335
suspicious-document04306.txt,source-document09161.txt,0.42157303370786514
suspicious-document04307.txt,source-document04032.txt,0.42039926186881393
suspicious-document04308.txt,source-document04811.txt,0.4292613128241817
suspicious-document04312.txt,source-document01348.txt,0.42938047022481546
suspicious-document04313.txt,source-document01694.txt,0.4194355126831011
suspicious-document04314.txt,source-document01105.txt,0.4149928263988522
suspicious-document04317.txt,source-document00881.txt,0.4220746039856924
suspicious-document04319.txt,source-document02641.txt,0.41968365553602816
suspicious-document04320.txt,source-document10691.txt,0.41737032569360677
suspicious-document04321.txt,source-document03304.txt,0.4200896860986547
suspicious-document04323.txt,source-document10565.txt,0.4190172077346106
suspicious-document04326.txt,source-document07470.txt,0.42331499312242094
suspicious-document04328.txt,source-document05432.txt,0.4254949635290032
suspicious-document04330.txt,source-document06759.txt,0.42218064296649094
suspicious-document04331.txt,source-document05120.txt,0.41044260027662516
suspicious-document04334.txt,source-document05141.txt,0.4182889801750312
suspicious-document04335.txt,source-document10762.txt,0.4322826463456876
suspicious-document04336.txt,source-document07401.txt,0.42890526694229736
suspicious-document04337.txt,source-document02253.txt,0.4032400070434936
suspicious-document04339.txt,source-document09338.txt,0.4240775378337018
suspicious-document04340.txt,source-document04050.txt,0.4189240747806181
suspicious-document04341.txt,source-document02052.txt,0.42548672566371676
suspicious-document04342.txt,source-document01849.txt,0.42105263157894735
suspicious-document04344.txt,source-document00654.txt,0.43339555404717467
suspicious-document04346.txt,source-document03742.txt,0.42291999290402693
suspicious-document04348.txt,source-document09011.txt,0.4203910614525139
suspicious-document04349.txt,source-document05799.txt,0.42435613167320485
suspicious-document04351.txt,source-document10527.txt,0.42602308499475344
suspicious-document04353.txt,source-document04691.txt,0.41852487135506
suspicious-document04354.txt,source-document02462.txt,0.42148477591515565
suspicious-document04355.txt,source-document06450.txt,0.4224446032880629
suspicious-document04356.txt,source-document00506.txt,0.4176121930567316
suspicious-document04364.txt,source-document05766.txt,0.41807147673634526
suspicious-document04365.txt,source-document08147.txt,0.41902447491754896
suspicious-document04369.txt,source-document06642.txt,0.4229837313949464
suspicious-document04370.txt,source-document00924.txt,0.42705616414536607
suspicious-document04371.txt,source-document08242.txt,0.3913266177223834
suspicious-document04377.txt,source-document03651.txt,0.4143823424706301
suspicious-document04378.txt,source-document08330.txt,0.4154641011936576
suspicious-document04381.txt,source-document00018.txt,0.42188552188552186
suspicious-document04382.txt,source-document09983.txt,0.4204295619820734
suspicious-document04383.txt,source-document08410.txt,0.4234676007005254
suspicious-document04384.txt,source-document06466.txt,0.42993197278911566
suspicious-document04390.txt,source-document09338.txt,0.409043112513144
suspicious-document04396.txt,source-document01972.txt,0.4204258390472754
suspicious-document04399.txt,source-document03011.txt,0.4162171567774491
suspicious-document04409.txt,source-document01255.txt,0.41140529531568226
suspicious-document04417.txt,source-document10493.txt,0.4214977973568283
suspicious-document04421.txt,source-document00500.txt,0.41571194762684127
suspicious-document04423.txt,source-document08125.txt,0.42163355408388525
suspicious-document04425.txt,source-document09799.txt,0.4194042553191489
suspicious-document04427.txt,source-document02748.txt,0.41629881154499143
suspicious-document04429.txt,source-document01358.txt,0.4272915230875258
suspicious-document04430.txt,source-document01518.txt,0.427802086839448
suspicious-document04433.txt,source-document06384.txt,0.42698548249359525
suspicious-document04437.txt,source-document04194.txt,0.42545206414193104
suspicious-document04438.txt,source-document10273.txt,0.4228453466368485
suspicious-document04441.txt,source-document08600.txt,0.4153321976149915
suspicious-document04442.txt,source-document04390.txt,0.42254012561060716
suspicious-document04447.txt,source-document00153.txt,0.4156956819739548
suspicious-document04449.txt,source-document02072.txt,0.42181317736108725
suspicious-document04457.txt,source-document01805.txt,0.4230230930720784
suspicious-document04459.txt,source-document00598.txt,0.422955422955423
suspicious-document04461.txt,source-document04531.txt,0.4262577532736044
suspicious-document04462.txt,source-document03527.txt,0.4119795471146822
suspicious-document04464.txt,source-document00257.txt,0.4198524480214621
suspicious-document04468.txt,source-document01127.txt,0.42335025380710656
suspicious-document04472.txt,source-document00031.txt,0.4181500872600349
suspicious-document04474.txt,source-document01751.txt,0.42790375627488314
suspicious-document04477.txt,source-document10493.txt,0.41309998267198056
suspicious-document04482.txt,source-document09377.txt,0.4173913043478261
suspicious-document04485.txt,source-document06710.txt,0.42066957787481807
suspicious-document04486.txt,source-document04663.txt,0.4243621990657564
suspicious-document04488.txt,source-document06931.txt,0.42217327459618204
suspicious-document04490.txt,source-document05319.txt,0.4200172562553925
suspicious-document04491.txt,source-document08183.txt,0.41832229580573954
suspicious-document04493.txt,source-document01105.txt,0.4164969450101833
suspicious-document04494.txt,source-document01127.txt,0.4183288409703504
suspicious-document04499.txt,source-document00188.txt,0.4228787358296118
suspicious-document04501.txt,source-document05649.txt,0.4246130326772406
suspicious-document04506.txt,source-document06018.txt,0.4224343675417661
suspicious-document04507.txt,source-document07232.txt,0.4260913534468228
suspicious-document04508.txt,source-document07292.txt,0.4210886682642931
suspicious-document04511.txt,source-document02919.txt,0.42514246244171994
suspicious-document04512.txt,source-document03723.txt,0.4183467741935484
suspicious-document04513.txt,source-document03437.txt,0.4115961570874769
suspicious-document04514.txt,source-document10003.txt,0.41780231154045194
suspicious-document04516.txt,source-document05020.txt,0.4179721122396282
suspicious-document04518.txt,source-document06194.txt,0.41017653167185875
suspicious-document04520.txt,source-document02423.txt,0.42105263157894735
suspicious-document04521.txt,source-document06022.txt,0.4176530267162665
suspicious-document04523.txt,source-document05110.txt,0.421742209631728
suspicious-document04524.txt,source-document01657.txt,0.41316017316017317
suspicious-document04529.txt,source-document05168.txt,0.4052357898511745
suspicious-document04530.txt,source-document03696.txt,0.4235701906412478
suspicious-document04531.txt,source-document10212.txt,0.4158026456918127
suspicious-document04532.txt,source-document05245.txt,0.420159151193634
suspicious-document04534.txt,source-document01155.txt,0.41617288253746954
suspicious-document04535.txt,source-document04687.txt,0.4196002122766672
suspicious-document04539.txt,source-document10737.txt,0.41777466759972
suspicious-document04544.txt,source-document07230.txt,0.421658571685555
suspicious-document04545.txt,source-document10549.txt,0.4135125574814291
suspicious-document04548.txt,source-document08642.txt,0.4227231740306583
suspicious-document04551.txt,source-document03002.txt,0.42639390292819906
suspicious-document04552.txt,source-document09943.txt,0.41849063211346527
suspicious-document04556.txt,source-document02972.txt,0.4219985621854781
suspicious-document04558.txt,source-document09089.txt,0.4176594253679047
suspicious-document04560.txt,source-document00795.txt,0.4204096298957959
suspicious-document04561.txt,source-document05721.txt,0.41818832796276406
suspicious-document04563.txt,source-document09194.txt,0.4239647577092511
suspicious-document04564.txt,source-document05037.txt,0.4173106646058733
suspicious-document04565.txt,source-document01932.txt,0.4355754343712369
suspicious-document04567.txt,source-document08878.txt,0.4201407688142934
suspicious-document04572.txt,source-document05282.txt,0.4238338192419825
suspicious-document04573.txt,source-document00234.txt,0.4230902177670238
suspicious-document04574.txt,source-document07947.txt,0.4175985334555453
suspicious-document04577.txt,source-document08242.txt,0.4215581643543223
suspicious-document04580.txt,source-document05962.txt,0.38937568455640753
suspicious-document04581.txt,source-document08148.txt,0.42015278283012003
suspicious-document04584.txt,source-document05752.txt,0.416567240497699
suspicious-document04586.txt,source-document05567.txt,0.42160645387583306
suspicious-document04592.txt,source-document01239.txt,0.3967163679008209
suspicious-document04593.txt,source-document09516.txt,0.4193384223918575
suspicious-document04596.txt,source-document05681.txt,0.4230508474576271
suspicious-document04597.txt,source-document03980.txt,0.42074829931972796
suspicious-document04599.txt,source-document06931.txt,0.41755926251097447
suspicious-document04602.txt,source-document10308.txt,0.4153898535921008
suspicious-document04604.txt,source-document08361.txt,0.38391093553600286
suspicious-document04605.txt,source-document03851.txt,0.40987569060773477
suspicious-document04606.txt,source-document02282.txt,0.41131741821396994
suspicious-document04607.txt,source-document06266.txt,0.41850683491062035
suspicious-document04609.txt,source-document01574.txt,0.413637937002423
suspicious-document04612.txt,source-document07985.txt,0.41824324324324325
suspicious-document04613.txt,source-document00694.txt,0.42324222107615606
suspicious-document04614.txt,source-document09035.txt,0.4159378036929058
suspicious-document04619.txt,source-document02931.txt,0.4231473010064044
suspicious-document04620.txt,source-document04275.txt,0.4218099204846649
suspicious-document04624.txt,source-document10293.txt,0.41229281767955805
suspicious-document04626.txt,source-document09382.txt,0.41943127962085297
suspicious-document04628.txt,source-document00686.txt,0.4214586255259467
suspicious-document04629.txt,source-document01307.txt,0.42707797772065126
suspicious-document04630.txt,source-document10293.txt,0.42582417582417587
suspicious-document04632.txt,source-document05432.txt,0.4194222067525235
suspicious-document04633.txt,source-document01395.txt,0.41625906560971493
suspicious-document04635.txt,source-document00234.txt,0.41585843117236687
suspicious-document04637.txt,source-document04663.txt,0.42398438885932227
suspicious-document04640.txt,source-document01276.txt,0.4139941690962099
suspicious-document04641.txt,source-document07483.txt,0.4216553878188444
suspicious-document04642.txt,source-document08000.txt,0.4282707821816907
suspicious-document04645.txt,source-document04529.txt,0.40827241932608305
suspicious-document04650.txt,source-document11023.txt,0.4273820536540241
suspicious-document04654.txt,source-document04659.txt,0.42157558552164653
suspicious-document04655.txt,source-document11053.txt,0.4176734552985848
suspicious-document04657.txt,source-document00125.txt,0.41140735740803236
suspicious-document04664.txt,source-document02072.txt,0.41247088335423754
suspicious-document04670.txt,source-document07430.txt,0.41647597254004576
suspicious-document04671.txt,source-document00360.txt,0.4209818426361802
suspicious-document04672.txt,source-document08337.txt,0.41922802001429593
suspicious-document04675.txt,source-document10635.txt,0.5282877482203072
suspicious-document04678.txt,source-document07150.txt,0.42152159013022616
suspicious-document04680.txt,source-document10776.txt,0.42772277227722777
suspicious-document04681.txt,source-document01127.txt,0.4186360567184335
suspicious-document04686.txt,source-document02253.txt,0.3959791778854783
suspicious-document04687.txt,source-document09157.txt,0.4185022026431719
suspicious-document04691.txt,source-document05405.txt,0.41623667010663906
suspicious-document04692.txt,source-document09382.txt,0.41745016923655515
suspicious-document04695.txt,source-document04967.txt,0.4204234972677595
suspicious-document04697.txt,source-document08466.txt,0.4253521126760563
suspicious-document04699.txt,source-document08072.txt,0.4256779951939581
suspicious-document04703.txt,source-document00607.txt,0.4235614572693225
suspicious-document04705.txt,source-document02282.txt,0.4179052281867459
suspicious-document04706.txt,source-document02425.txt,0.4324697754749568
suspicious-document04707.txt,source-document10685.txt,0.4130773222625843
suspicious-document04710.txt,source-document03917.txt,0.4196203594826138
suspicious-document04711.txt,source-document10218.txt,0.4175710594315245
suspicious-document04712.txt,source-document06021.txt,0.4189858289226567
suspicious-document04713.txt,source-document02049.txt,0.41800101129276923
suspicious-document04715.txt,source-document01355.txt,0.42086773230282803
suspicious-document04716.txt,source-document00991.txt,0.4273823679293358
suspicious-document04717.txt,source-document09377.txt,0.42614333274925525
suspicious-document04718.txt,source-document01431.txt,0.42250604073179154
suspicious-document04719.txt,source-document03037.txt,0.42607599495768056
suspicious-document04721.txt,source-document04200.txt,0.41868954188720564
suspicious-document04724.txt,source-document05570.txt,0.40281351861382736
suspicious-document04725.txt,source-document10179.txt,0.428314121037464
suspicious-document04728.txt,source-document07377.txt,0.42309657639243736
suspicious-document04734.txt,source-document03881.txt,0.4160251924422673
suspicious-document04736.txt,source-document01106.txt,0.4308407593955831
suspicious-document04737.txt,source-document07563.txt,0.4177976292733207
suspicious-document04742.txt,source-document00598.txt,0.424931129476584
suspicious-document04743.txt,source-document06953.txt,0.41926636955776486
suspicious-document04744.txt,source-document09565.txt,0.4098266996762522
suspicious-document04746.txt,source-document00795.txt,0.4116921993308681
suspicious-document04753.txt,source-document10003.txt,0.4179208960448022
suspicious-document04756.txt,source-document00774.txt,0.41652323580034417
suspicious-document04757.txt,source-document00234.txt,0.40379403794037944
suspicious-document04758.txt,source-document10942.txt,0.41742043551088787
suspicious-document04765.txt,source-document05567.txt,0.42732707087959004
suspicious-document04768.txt,source-document10331.txt,0.42297915607524156
suspicious-document04773.txt,source-document08883.txt,0.4200138504155124
suspicious-document04775.txt,source-document05009.txt,0.419121538190157
suspicious-document04776.txt,source-document07466.txt,0.4132259722460168
suspicious-document04777.txt,source-document02683.txt,0.4274729115693814
suspicious-document04778.txt,source-document05411.txt,0.41911504424778756
suspicious-document04782.txt,source-document11007.txt,0.41703018670389114
suspicious-document04784.txt,source-document07680.txt,0.41256221039986274
suspicious-document04787.txt,source-document09785.txt,0.425642807505212
suspicious-document04789.txt,source-document10875.txt,0.4171779141104295
suspicious-document04793.txt,source-document06738.txt,0.4178176795580111
suspicious-document04794.txt,source-document01983.txt,0.418420144877544
suspicious-document04795.txt,source-document10737.txt,0.4175710594315245
suspicious-document04797.txt,source-document01127.txt,0.4263803680981595
suspicious-document04798.txt,source-document08471.txt,0.4265697976128698
suspicious-document04800.txt,source-document07317.txt,0.4147707385369268
suspicious-document04804.txt,source-document11023.txt,0.4286979627989371
suspicious-document04805.txt,source-document00795.txt,0.42852062588904694
suspicious-document04807.txt,source-document01103.txt,0.415067264573991
suspicious-document04811.txt,source-document04713.txt,0.4175636425764565
suspicious-document04812.txt,source-document06466.txt,0.42705984388551615
suspicious-document04813.txt,source-document07571.txt,0.427170868347339
suspicious-document04816.txt,source-document08242.txt,0.4158854610533492
suspicious-document04819.txt,source-document10142.txt,0.42394270122783084
suspicious-document04823.txt,source-document00161.txt,0.4265033407572383
suspicious-document04827.txt,source-document08466.txt,0.4215669755686605
suspicious-document04828.txt,source-document08239.txt,0.41687433250267003
suspicious-document04831.txt,source-document03172.txt,0.42219582555574403
suspicious-document04832.txt,source-document06592.txt,0.4131607335490831
suspicious-document04835.txt,source-document04699.txt,0.4218026362664766
suspicious-document04841.txt,source-document05071.txt,0.41407355021216413
suspicious-document04844.txt,source-document02053.txt,0.4243893343278016
suspicious-document04846.txt,source-document05740.txt,0.4205412907702984
suspicious-document04847.txt,source-document07558.txt,0.42499117543240383
suspicious-document04848.txt,source-document10456.txt,0.4199082724647528
suspicious-document04852.txt,source-document08638.txt,0.4223944875107666
suspicious-document04854.txt,source-document01636.txt,0.42174573695762285
suspicious-document04856.txt,source-document00820.txt,0.42339261285909713
suspicious-document04857.txt,source-document02819.txt,0.4318104906937394
suspicious-document04858.txt,source-document09964.txt,0.42147463831270704
suspicious-document04864.txt,source-document10312.txt,0.4232974910394265
suspicious-document04867.txt,source-document04343.txt,0.4259669449650707
suspicious-document04868.txt,source-document01010.txt,0.42582417582417587
suspicious-document04870.txt,source-document08602.txt,0.41816944538958833
suspicious-document04871.txt,source-document00862.txt,0.4165629998222854
suspicious-document04873.txt,source-document04353.txt,0.42570005153753654
suspicious-document04874.txt,source-document00795.txt,0.41845309552392385
suspicious-document04875.txt,source-document06266.txt,0.42823450134770896
suspicious-document04877.txt,source-document06759.txt,0.4203571428571429
suspicious-document04880.txt,source-document08082.txt,0.43089430894308944
suspicious-document04882.txt,source-document00903.txt,0.4217520545549921
suspicious-document04883.txt,source-document00575.txt,0.4174672489082969
suspicious-document04884.txt,source-document03401.txt,0.4094196180233636
suspicious-document04888.txt,source-document01255.txt,0.41890513430805854
suspicious-document04890.txt,source-document05548.txt,0.4234358797096439
suspicious-document04894.txt,source-document05670.txt,0.41753724952902893
suspicious-document04896.txt,source-document00903.txt,0.42251587437789595
suspicious-document04897.txt,source-document10606.txt,0.42162902121834356
suspicious-document04902.txt,source-document05435.txt,0.42720473125761005
suspicious-document04903.txt,source-document05105.txt,0.4231571627260083
suspicious-document04904.txt,source-document00257.txt,0.42186694172253736
suspicious-document04906.txt,source-document10586.txt,0.42052205220522054
suspicious-document04910.txt,source-document09397.txt,0.41719520789288234
suspicious-document04912.txt,source-document10212.txt,0.3941042288120723
suspicious-document04913.txt,source-document01972.txt,0.4141362154743524
suspicious-document04915.txt,source-document03668.txt,0.42471590909090906
suspicious-document04918.txt,source-document02532.txt,0.4212665086352862
suspicious-document04923.txt,source-document02252.txt,0.4131345283967164
suspicious-document04924.txt,source-document06238.txt,0.41161616161616166
suspicious-document04925.txt,source-document10942.txt,0.4290843806104129
suspicious-document04928.txt,source-document02955.txt,0.41746880570409983
suspicious-document04933.txt,source-document05664.txt,0.4256849315068493
suspicious-document04935.txt,source-document07794.txt,0.417385421951632
suspicious-document04937.txt,source-document05432.txt,0.4268924991358452
suspicious-document04938.txt,source-document02322.txt,0.42371655820679677
suspicious-document04941.txt,source-document01610.txt,0.42734443470639794
suspicious-document04942.txt,source-document00823.txt,0.42071965203637807
suspicious-document04943.txt,source-document10530.txt,0.4259421560035057
suspicious-document04944.txt,source-document08484.txt,0.4255761566452955
suspicious-document04945.txt,source-document00544.txt,0.4098774333093006
suspicious-document04947.txt,source-document09349.txt,0.4165144318597004
suspicious-document04950.txt,source-document08719.txt,0.4159836065573771
suspicious-document04955.txt,source-document02095.txt,0.4104208416833668
suspicious-document04959.txt,source-document00153.txt,0.41580400276052454
suspicious-document04960.txt,source-document02072.txt,0.4250770067041131
suspicious-document04964.txt,source-document10723.txt,0.41986455981941306
suspicious-document04966.txt,source-document07246.txt,0.40892465252377463
suspicious-document04968.txt,source-document09552.txt,0.41782347900599826
suspicious-document04969.txt,source-document04267.txt,0.42774369461486034
suspicious-document04970.txt,source-document01876.txt,0.41808111488297306
suspicious-document04973.txt,source-document11062.txt,0.41387684301821337
suspicious-document04975.txt,source-document10331.txt,0.4244567963617989
suspicious-document04976.txt,source-document09110.txt,0.41650902837489256
suspicious-document04977.txt,source-document10525.txt,0.4225303886320836
suspicious-document04980.txt,source-document05759.txt,0.4173228346456693
suspicious-document04982.txt,source-document00681.txt,0.42263360111770865
suspicious-document04983.txt,source-document04589.txt,0.4227304227304227
suspicious-document04984.txt,source-document08737.txt,0.43149606299212595
suspicious-document04987.txt,source-document10586.txt,0.4189095928226363
suspicious-document04997.txt,source-document03304.txt,0.4233097008473111
suspicious-document04998.txt,source-document08259.txt,0.4200605856613934
suspicious-document05000.txt,source-document05667.txt,0.42154723946970973
suspicious-document05002.txt,source-document05799.txt,0.42206318729272124
suspicious-document05003.txt,source-document00890.txt,0.41638108293351606
suspicious-document05015.txt,source-document02072.txt,0.42764427293457286
suspicious-document05019.txt,source-document06632.txt,0.4129938542581212
suspicious-document05020.txt,source-document02976.txt,0.42189728958630524
suspicious-document05026.txt,source-document06129.txt,0.41759014951627094
suspicious-document05031.txt,source-document06666.txt,0.42623509369676316
suspicious-document05032.txt,source-document08112.txt,0.4245091401489505
suspicious-document05035.txt,source-document06242.txt,0.41901230406202594
suspicious-document05036.txt,source-document03724.txt,0.41860465116279066
suspicious-document05037.txt,source-document04872.txt,0.4231297185998627
suspicious-document05038.txt,source-document04977.txt,0.424221211060553
suspicious-document05039.txt,source-document01557.txt,0.42165738161559885
suspicious-document05040.txt,source-document10043.txt,0.4283041333560129
suspicious-document05043.txt,source-document06371.txt,0.41263940520446096
suspicious-document05047.txt,source-document01685.txt,0.418580375782881
suspicious-document05049.txt,source-document07707.txt,0.4196698029469199
suspicious-document05053.txt,source-document06931.txt,0.41803713527851455
suspicious-document05056.txt,source-document09614.txt,0.4184100418410041
suspicious-document05058.txt,source-document08242.txt,0.4294077134986226
suspicious-document05061.txt,source-document09297.txt,0.4278278972935462
suspicious-document05063.txt,source-document03304.txt,0.42099827882960417
suspicious-document05067.txt,source-document00205.txt,0.4168466522678186
suspicious-document05069.txt,source-document09297.txt,0.4154869520723179
suspicious-document05070.txt,source-document01652.txt,0.4248399930807819
suspicious-document05071.txt,source-document03712.txt,0.42343344456803855
suspicious-document05072.txt,source-document00628.txt,0.4223839223839224
suspicious-document05075.txt,source-document06384.txt,0.4246409413393321
suspicious-document05076.txt,source-document02653.txt,0.416191155492154
suspicious-document05077.txt,source-document02931.txt,0.42472375690607733
suspicious-document05078.txt,source-document00924.txt,0.42023748064016514
suspicious-document05080.txt,source-document05074.txt,0.4221364221364221
suspicious-document05082.txt,source-document09660.txt,0.42774369461486034
suspicious-document05083.txt,source-document10289.txt,0.42210884353741496
suspicious-document05086.txt,source-document04589.txt,0.42178077332387376
suspicious-document05091.txt,source-document03573.txt,0.4167962674961119
suspicious-document05092.txt,source-document05055.txt,0.4227449653071586
suspicious-document05093.txt,source-document10331.txt,0.4027184466019418
suspicious-document05094.txt,source-document04809.txt,0.41676565416595956
suspicious-document05096.txt,source-document02971.txt,0.4150472454983063
suspicious-document05101.txt,source-document00970.txt,0.4142908697221219
suspicious-document05103.txt,source-document02545.txt,0.41860465116279066
suspicious-document05104.txt,source-document08259.txt,0.4150467962562995
suspicious-document05105.txt,source-document00823.txt,0.4174879053932987
suspicious-document05106.txt,source-document00263.txt,0.4262793447052863
suspicious-document05107.txt,source-document07205.txt,0.42431548131565355
suspicious-document05108.txt,source-document01696.txt,0.420935412026726
suspicious-document05109.txt,source-document09943.txt,0.39859030837004406
suspicious-document05110.txt,source-document05682.txt,0.41810783316378436
suspicious-document05111.txt,source-document03474.txt,0.41855524079320117
suspicious-document05112.txt,source-document04659.txt,0.4167941526432093
suspicious-document05123.txt,source-document10359.txt,0.42070407807598464
suspicious-document05125.txt,source-document09033.txt,0.41730189682680374
suspicious-document05127.txt,source-document07632.txt,0.42415370539798725
suspicious-document05129.txt,source-document01507.txt,0.4259613711501653
suspicious-document05130.txt,source-document10043.txt,0.4230837948901197
suspicious-document05131.txt,source-document02822.txt,0.4167573449401524
suspicious-document05133.txt,source-document03371.txt,0.4243472246238976
suspicious-document05134.txt,source-document00180.txt,0.42795063445159043
suspicious-document05138.txt,source-document09886.txt,0.42775566707042745
suspicious-document05139.txt,source-document10372.txt,0.424015009380863
suspicious-document05146.txt,source-document01932.txt,0.41911118917969437
suspicious-document05147.txt,source-document02683.txt,0.42839910391176983
suspicious-document05149.txt,source-document04574.txt,0.41985128825868917
suspicious-document05151.txt,source-document02748.txt,0.4197488971835766
suspicious-document05156.txt,source-document03050.txt,0.4276880796976984
suspicious-document05158.txt,source-document09816.txt,0.41601423487544487
suspicious-document05161.txt,source-document07292.txt,0.4247429630878139
suspicious-document05162.txt,source-document01722.txt,0.4244564207396395
suspicious-document05165.txt,source-document05271.txt,0.4205963938973648
suspicious-document05167.txt,source-document05982.txt,0.41881100266193433
suspicious-document05169.txt,source-document02935.txt,0.4298407376362113
suspicious-document05171.txt,source-document00153.txt,0.4171667575922895
suspicious-document05173.txt,source-document03780.txt,0.42355336840319024
suspicious-document05175.txt,source-document00789.txt,0.40870527480634455
suspicious-document05176.txt,source-document02573.txt,0.4187200850912959
suspicious-document05179.txt,source-document00795.txt,0.41662008570896214
suspicious-document05180.txt,source-document08259.txt,0.4191658048948639
suspicious-document05185.txt,source-document01974.txt,0.42031768196893005
suspicious-document05187.txt,source-document00201.txt,0.418207681365576
suspicious-document05190.txt,source-document04368.txt,0.41888111888111884
suspicious-document05191.txt,source-document08147.txt,0.42195608782435134
suspicious-document05192.txt,source-document10234.txt,0.4174311926605505
suspicious-document05193.txt,source-document04795.txt,0.41602728047740833
suspicious-document05194.txt,source-document07348.txt,0.4239677744209466
suspicious-document05196.txt,source-document09116.txt,0.4245411284840245
suspicious-document05199.txt,source-document10513.txt,0.4174903668956274
suspicious-document05200.txt,source-document00795.txt,0.4197275392309019
suspicious-document05201.txt,source-document06625.txt,0.4125317527519051
suspicious-document05202.txt,source-document00201.txt,0.4214031971580818
suspicious-document05204.txt,source-document10456.txt,0.41520156277748177
suspicious-document05206.txt,source-document01932.txt,0.42644452321871673
suspicious-document05207.txt,source-document02447.txt,0.4097612359550562
suspicious-document05208.txt,source-document01590.txt,0.4234265734265734
suspicious-document05209.txt,source-document07870.txt,0.4235613253245495
suspicious-document05212.txt,source-document05112.txt,0.4242316574880085
suspicious-document05213.txt,source-document06642.txt,0.41824686940966016
suspicious-document05214.txt,source-document09214.txt,0.42228530872959547
suspicious-document05219.txt,source-document11014.txt,0.4236855538540072
suspicious-document05220.txt,source-document07584.txt,0.41622945085694296
suspicious-document05222.txt,source-document07348.txt,0.434124527003784
suspicious-document05227.txt,source-document06021.txt,0.42118582791033987
suspicious-document05229.txt,source-document05676.txt,0.4315126765356474
suspicious-document05231.txt,source-document04137.txt,0.4221453287197232
suspicious-document05232.txt,source-document05282.txt,0.42099827882960417
suspicious-document05235.txt,source-document06414.txt,0.4234815066168986
suspicious-document05236.txt,source-document03437.txt,0.42643349588027574
suspicious-document05240.txt,source-document10549.txt,0.41415868673050615
suspicious-document05243.txt,source-document09109.txt,0.41906443071491617
suspicious-document05249.txt,source-document08107.txt,0.42166962699822386
suspicious-document05261.txt,source-document00803.txt,0.4173509460906819
suspicious-document05267.txt,source-document06531.txt,0.42062552831783606
suspicious-document05269.txt,source-document10160.txt,0.43350604490500866
suspicious-document05274.txt,source-document05282.txt,0.41850828729281764
suspicious-document05276.txt,source-document01852.txt,0.4220907297830375
suspicious-document05278.txt,source-document06368.txt,0.4164541900390957
suspicious-document05284.txt,source-document04053.txt,0.4216601595654388
suspicious-document05288.txt,source-document00867.txt,0.4208403361344539
suspicious-document05290.txt,source-document00502.txt,0.4319018404907975
suspicious-document05292.txt,source-document02804.txt,0.42344497607655507
suspicious-document05293.txt,source-document08125.txt,0.41056550257046626
suspicious-document05295.txt,source-document06953.txt,0.4221916867055995
suspicious-document05296.txt,source-document04364.txt,0.4181231970134057
suspicious-document05297.txt,source-document09344.txt,0.417128987517337
suspicious-document05298.txt,source-document05791.txt,0.4132992327365729
suspicious-document05299.txt,source-document00681.txt,0.4140127388535032
suspicious-document05300.txt,source-document01976.txt,0.4126432789162904
suspicious-document05303.txt,source-document06520.txt,0.41866240908284547
suspicious-document05311.txt,source-document01008.txt,0.43379394787475944
suspicious-document05317.txt,source-document05752.txt,0.42918900224796824
suspicious-document05326.txt,source-document00686.txt,0.41061169313957413
suspicious-document05327.txt,source-document00795.txt,0.42078100808532604
suspicious-document05328.txt,source-document05435.txt,0.42009769713886946
suspicious-document05329.txt,source-document06938.txt,0.4191810344827587
suspicious-document05331.txt,source-document00970.txt,0.4239074106063223
suspicious-document05334.txt,source-document01127.txt,0.42359249329758714
suspicious-document05337.txt,source-document02536.txt,0.421727395411606
suspicious-document05340.txt,source-document06128.txt,0.4281842818428184
suspicious-document05345.txt,source-document00970.txt,0.42672190574831687
suspicious-document05351.txt,source-document00263.txt,0.41672308733920105
suspicious-document05352.txt,source-document04699.txt,0.4249121044701155
suspicious-document05353.txt,source-document09988.txt,0.4289069557362241
suspicious-document05354.txt,source-document00795.txt,0.4242112482853223
suspicious-document05357.txt,source-document04267.txt,0.4271209774565479
suspicious-document05358.txt,source-document05428.txt,0.42355336840319024
suspicious-document05360.txt,source-document01053.txt,0.4255910987482615
suspicious-document05361.txt,source-document03210.txt,0.42430555555555555
suspicious-document05363.txt,source-document07205.txt,0.4182820558420772
suspicious-document05364.txt,source-document10205.txt,0.41286956521739127
suspicious-document05365.txt,source-document04577.txt,0.4212288632178135
suspicious-document05366.txt,source-document10022.txt,0.4146593255333792
suspicious-document05367.txt,source-document06905.txt,0.43973601945119833
suspicious-document05369.txt,source-document03543.txt,0.4143835616438356
suspicious-document05375.txt,source-document04137.txt,0.4158240198687245
suspicious-document05376.txt,source-document00176.txt,0.42227141154435555
suspicious-document05383.txt,source-document06906.txt,0.4130514035727306
suspicious-document05384.txt,source-document06474.txt,0.42485599581078726
suspicious-document05385.txt,source-document04496.txt,0.4282560706401766
suspicious-document05388.txt,source-document04137.txt,0.42488888888888887
suspicious-document05393.txt,source-document08888.txt,0.4204039712427251
suspicious-document05395.txt,source-document00280.txt,0.42090090090090093
suspicious-document05402.txt,source-document07377.txt,0.42099898063200814
suspicious-document05407.txt,source-document03693.txt,0.4224021592442645
suspicious-document05408.txt,source-document00899.txt,0.42624709458251386
suspicious-document05414.txt,source-document05799.txt,0.4245053800763624
suspicious-document05415.txt,source-document04153.txt,0.4296982167352537
suspicious-document05416.txt,source-document02160.txt,0.40372028935583887
suspicious-document05421.txt,source-document01433.txt,0.4345569150908417
suspicious-document05422.txt,source-document08236.txt,0.4200434153400868
suspicious-document05423.txt,source-document06280.txt,0.4178117933553661
suspicious-document05424.txt,source-document06764.txt,0.417320028510335
suspicious-document05426.txt,source-document10043.txt,0.4307432432432432
suspicious-document05429.txt,source-document10003.txt,0.4217710885544277
suspicious-document05430.txt,source-document05964.txt,0.4249954321213229
suspicious-document05431.txt,source-document00924.txt,0.4220948410630537
suspicious-document05432.txt,source-document09906.txt,0.41506751954513144
suspicious-document05438.txt,source-document06039.txt,0.4237970253718285
suspicious-document05439.txt,source-document06531.txt,0.42066957787481807
suspicious-document05440.txt,source-document06314.txt,0.4061915291716278
suspicious-document05444.txt,source-document07335.txt,0.42252535851696393
suspicious-document05445.txt,source-document03699.txt,0.42561906535095884
suspicious-document05449.txt,source-document00686.txt,0.41183856502242155
suspicious-document05451.txt,source-document04850.txt,0.42277279915656296
suspicious-document05453.txt,source-document04519.txt,0.4296120616635609
suspicious-document05454.txt,source-document00138.txt,0.4189803129732458
suspicious-document05457.txt,source-document02972.txt,0.431046195652174
suspicious-document05460.txt,source-document03070.txt,0.41302791696492475
suspicious-document05461.txt,source-document01930.txt,0.4197656647987774
suspicious-document05463.txt,source-document07790.txt,0.4195470798569726
suspicious-document05466.txt,source-document03543.txt,0.41459600347523895
suspicious-document05467.txt,source-document09351.txt,0.42185338865836786
suspicious-document05468.txt,source-document04811.txt,0.4186637618010167
suspicious-document05470.txt,source-document05404.txt,0.4132688320663441
suspicious-document05471.txt,source-document01127.txt,0.42190944548075293
suspicious-document05472.txt,source-document02617.txt,0.4230444331812806
suspicious-document05473.txt,source-document08497.txt,0.41857265692175405
suspicious-document05474.txt,source-document07097.txt,0.4248994579471935
suspicious-document05480.txt,source-document10980.txt,0.4130434782608695
suspicious-document05484.txt,source-document04327.txt,0.42854625550660796
suspicious-document05485.txt,source-document08239.txt,0.41787829833064083
suspicious-document05490.txt,source-document08649.txt,0.42413549752999286
suspicious-document05491.txt,source-document08602.txt,0.42135691208978066
suspicious-document05495.txt,source-document05812.txt,0.4194203433634853
suspicious-document05497.txt,source-document06374.txt,0.42610169491525424
suspicious-document05498.txt,source-document03047.txt,0.4150095106346187
suspicious-document05499.txt,source-document03693.txt,0.41666666666666663
suspicious-document05500.txt,source-document08593.txt,0.4284257055423325
suspicious-document05502.txt,source-document04048.txt,0.4730904383206954
suspicious-document05503.txt,source-document07633.txt,0.4135174418604651
suspicious-document05504.txt,source-document00803.txt,0.41124361158432715
suspicious-document05508.txt,source-document06592.txt,0.4193326453388373
suspicious-document05512.txt,source-document07160.txt,0.42490591857680454
suspicious-document05516.txt,source-document04585.txt,0.41488779419813904
suspicious-document05518.txt,source-document01395.txt,0.4258658931922879
suspicious-document05519.txt,source-document08638.txt,0.41744548286604366
suspicious-document05521.txt,source-document10495.txt,0.4212163096060816
suspicious-document05530.txt,source-document00796.txt,0.42869923063159776
suspicious-document05535.txt,source-document01518.txt,0.42105263157894735
suspicious-document05538.txt,source-document03453.txt,0.42028985507246375
suspicious-document05545.txt,source-document08183.txt,0.423162583518931
suspicious-document05548.txt,source-document07058.txt,0.4317055909412597
suspicious-document05549.txt,source-document07214.txt,0.4222843171498428
suspicious-document05556.txt,source-document01694.txt,0.4273858921161826
suspicious-document05557.txt,source-document06759.txt,0.42500000000000004
suspicious-document05562.txt,source-document01878.txt,0.41819699499165275
suspicious-document05563.txt,source-document10331.txt,0.4208838203848895
suspicious-document05565.txt,source-document04795.txt,0.4300851137745354
suspicious-document05573.txt,source-document00797.txt,0.4171180931744311
suspicious-document05574.txt,source-document10269.txt,0.4201796821008984
suspicious-document05575.txt,source-document01444.txt,0.420527441197434
suspicious-document05578.txt,source-document01479.txt,0.42861975642760486
suspicious-document05579.txt,source-document06021.txt,0.4160166406656266
suspicious-document05581.txt,source-document00430.txt,0.4232379623168179
suspicious-document05583.txt,source-document01251.txt,0.4247693399574166
suspicious-document05585.txt,source-document08600.txt,0.4121042504810215
suspicious-document05587.txt,source-document04364.txt,0.41120507399577166
suspicious-document05588.txt,source-document01251.txt,0.42715058454021976
suspicious-document05589.txt,source-document01840.txt,0.4132791327913279
suspicious-document05590.txt,source-document03048.txt,0.42372592466337144
suspicious-document05591.txt,source-document07160.txt,0.41669577366398886
suspicious-document05595.txt,source-document00657.txt,0.4238745574102175
suspicious-document05597.txt,source-document06947.txt,0.42128378378378384
suspicious-document05600.txt,source-document00795.txt,0.42196827562681216
suspicious-document05604.txt,source-document05740.txt,0.411297440423654
suspicious-document05605.txt,source-document06242.txt,0.4172762103796587
suspicious-document05606.txt,source-document05740.txt,0.42460589444825225
suspicious-document05608.txt,source-document08045.txt,0.4105003523608175
suspicious-document05609.txt,source-document07153.txt,0.4120498614958448
suspicious-document05611.txt,source-document02888.txt,0.42962641181581224
suspicious-document05612.txt,source-document09377.txt,0.42105263157894735
suspicious-document05616.txt,source-document07327.txt,0.4008311295806573
suspicious-document05618.txt,source-document06021.txt,0.42704748795595315
suspicious-document05622.txt,source-document00833.txt,0.41205089820359286
suspicious-document05625.txt,source-document04153.txt,0.4227612620828014
suspicious-document05628.txt,source-document02425.txt,0.4080365296803653
suspicious-document05630.txt,source-document07947.txt,0.4183655987664896
suspicious-document05632.txt,source-document00466.txt,0.42547861871533366
suspicious-document05637.txt,source-document00569.txt,0.42288196958725566
suspicious-document05639.txt,source-document00575.txt,0.43479968578161826
suspicious-document05640.txt,source-document06415.txt,0.42124609446792877
suspicious-document05641.txt,source-document07915.txt,0.4180562573690416
suspicious-document05644.txt,source-document05435.txt,0.41981792717086835
suspicious-document05646.txt,source-document01864.txt,0.4152380952380952
suspicious-document05647.txt,source-document01849.txt,0.4291483113069015
suspicious-document05651.txt,source-document06931.txt,0.4224152614546074
suspicious-document05655.txt,source-document01054.txt,0.42114384748700173
suspicious-document05657.txt,source-document01403.txt,0.42535018790570545
suspicious-document05658.txt,source-document04425.txt,0.41550764951321284
suspicious-document05660.txt,source-document03011.txt,0.4275814275814276
suspicious-document05661.txt,source-document00257.txt,0.42163090128755365
suspicious-document05662.txt,source-document09431.txt,0.4230432498686745
suspicious-document05665.txt,source-document02822.txt,0.42585423329405825
suspicious-document05671.txt,source-document06918.txt,0.4174573055028463
suspicious-document05674.txt,source-document02334.txt,0.4268817204301075
suspicious-document05677.txt,source-document08440.txt,0.41334914450279514
suspicious-document05683.txt,source-document06466.txt,0.42898550724637685
suspicious-document05684.txt,source-document04608.txt,0.4249271137026239
suspicious-document05688.txt,source-document00445.txt,0.42507813936385364
suspicious-document05691.txt,source-document04811.txt,0.4283513097072419
suspicious-document05692.txt,source-document09683.txt,0.42197424892703866
suspicious-document05694.txt,source-document04892.txt,0.41000862812769634
suspicious-document05695.txt,source-document01607.txt,0.41445452988525433
suspicious-document05698.txt,source-document03141.txt,0.41326530612244894
suspicious-document05701.txt,source-document04779.txt,0.4174827711280378
suspicious-document05703.txt,source-document01623.txt,0.4049339207048458
suspicious-document05708.txt,source-document08242.txt,0.4187105816398038
suspicious-document05713.txt,source-document00881.txt,0.42216179469748466
suspicious-document05714.txt,source-document01127.txt,0.42470389170896783
suspicious-document05715.txt,source-document03712.txt,0.4212804328223625
suspicious-document05716.txt,source-document03439.txt,0.41826761038085614
suspicious-document05719.txt,source-document10193.txt,0.4169320097396516
suspicious-document05720.txt,source-document04743.txt,0.4271348218851202
suspicious-document05721.txt,source-document09603.txt,0.42363357738804697
suspicious-document05722.txt,source-document06931.txt,0.4077904170975526
suspicious-document05725.txt,source-document01685.txt,0.42382550335570474
suspicious-document05726.txt,source-document08479.txt,0.42629757785467126
suspicious-document05727.txt,source-document07687.txt,0.42044460003500783
suspicious-document05729.txt,source-document01177.txt,0.3975026014568158
suspicious-document05730.txt,source-document00795.txt,0.416650826839004
suspicious-document05731.txt,source-document02999.txt,0.4056267806267806
suspicious-document05732.txt,source-document03762.txt,0.42023748064016514
suspicious-document05734.txt,source-document06775.txt,0.42215822463154334
suspicious-document05736.txt,source-document01722.txt,0.4231601731601732
suspicious-document05738.txt,source-document10293.txt,0.4244176160516919
suspicious-document05741.txt,source-document04659.txt,0.4148228098578881
suspicious-document05743.txt,source-document02005.txt,0.4226715050976326
suspicious-document05745.txt,source-document01433.txt,0.4165827458878818
suspicious-document05746.txt,source-document06938.txt,0.42119611518146194
suspicious-document05748.txt,source-document02940.txt,0.41596563450868085
suspicious-document05750.txt,source-document04311.txt,0.4198210598761184
suspicious-document05752.txt,source-document00514.txt,0.42229057354803684
suspicious-document05753.txt,source-document00251.txt,0.42123056118999325
suspicious-document05754.txt,source-document06807.txt,0.41371198117963376
suspicious-document05755.txt,source-document01360.txt,0.4188048906492165
suspicious-document05762.txt,source-document02896.txt,0.4206305813741571
suspicious-document05764.txt,source-document00540.txt,0.41292942968353363
suspicious-document05765.txt,source-document10293.txt,0.42118226600985215
suspicious-document05766.txt,source-document00031.txt,0.4150463383608941
suspicious-document05768.txt,source-document04368.txt,0.4163882539124318
suspicious-document05769.txt,source-document01930.txt,0.4242849622740832
suspicious-document05770.txt,source-document09565.txt,0.42286525829930766
suspicious-document05773.txt,source-document07483.txt,0.418210484824596
suspicious-document05774.txt,source-document05525.txt,0.42239889388178364
suspicious-document05775.txt,source-document02072.txt,0.4152703403005701
suspicious-document05778.txt,source-document04650.txt,0.42569688019198815
suspicious-document05779.txt,source-document00970.txt,0.4229845626072041
suspicious-document05780.txt,source-document03712.txt,0.42435158501440917
suspicious-document05782.txt,source-document06021.txt,0.4255540166204986
suspicious-document05783.txt,source-document06373.txt,0.4178850731043863
suspicious-document05784.txt,source-document08045.txt,0.41846480367881145
suspicious-document05787.txt,source-document00795.txt,0.421928038017651
suspicious-document05790.txt,source-document05155.txt,0.42145980491086443
suspicious-document05791.txt,source-document07279.txt,0.4268995633187773
suspicious-document05798.txt,source-document03754.txt,0.4205918403081772
suspicious-document05800.txt,source-document00970.txt,0.42977770118904013
suspicious-document05801.txt,source-document03769.txt,0.4285714285714286
suspicious-document05802.txt,source-document00257.txt,0.42203449489616335
suspicious-document05803.txt,source-document05707.txt,0.4197268050381409
suspicious-document05804.txt,source-document07740.txt,0.4230154501864678
suspicious-document05806.txt,source-document01849.txt,0.41724321447578494
suspicious-document05807.txt,source-document09603.txt,0.42792873852798274
suspicious-document05809.txt,source-document10527.txt,0.41745200698080276
suspicious-document05810.txt,source-document10527.txt,0.41640060494034614
suspicious-document05814.txt,source-document03757.txt,0.4212141882673943
suspicious-document05819.txt,source-document08986.txt,0.41418883672404794
suspicious-document05821.txt,source-document10992.txt,0.4102827763496144
suspicious-document05822.txt,source-document05923.txt,0.4207988980716253
suspicious-document05824.txt,source-document01996.txt,0.41726618705035967
suspicious-document05825.txt,source-document07868.txt,0.4089863789138511
suspicious-document05827.txt,source-document07401.txt,0.4215200683176772
suspicious-document05828.txt,source-document08298.txt,0.4235580264072273
suspicious-document05830.txt,source-document08642.txt,0.42216264521894553
suspicious-document05836.txt,source-document02072.txt,0.4200551343900758
suspicious-document05838.txt,source-document00166.txt,0.42014824797843664
suspicious-document05843.txt,source-document00823.txt,0.41736111111111107
suspicious-document05844.txt,source-document01127.txt,0.4101858224363386
suspicious-document05846.txt,source-document01849.txt,0.4202848211184439
suspicious-document05850.txt,source-document06422.txt,0.41865509761388287
suspicious-document05856.txt,source-document01864.txt,0.41623457893795807
suspicious-document05857.txt,source-document00862.txt,0.42485306465155337
suspicious-document05861.txt,source-document04574.txt,0.4234126304980318
suspicious-document05866.txt,source-document03651.txt,0.4191757779646762
suspicious-document05869.txt,source-document02399.txt,0.4201244813278008
suspicious-document05870.txt,source-document10320.txt,0.4235374615121451
suspicious-document05871.txt,source-document02407.txt,0.42686620345626225
suspicious-document05877.txt,source-document02913.txt,0.42755344418052255
suspicious-document05878.txt,source-document07085.txt,0.4238907849829352
suspicious-document05881.txt,source-document04299.txt,0.42225078024600693
suspicious-document05889.txt,source-document00946.txt,0.42196634189548277
suspicious-document05890.txt,source-document04364.txt,0.41952551629970986
suspicious-document05891.txt,source-document00500.txt,0.42352941176470593
suspicious-document05892.txt,source-document01127.txt,0.41820113314447593
suspicious-document05894.txt,source-document00920.txt,0.42011834319526625
suspicious-document05895.txt,source-document02976.txt,0.4207272727272727
suspicious-document05898.txt,source-document05204.txt,0.42735346358792176
suspicious-document05901.txt,source-document02256.txt,0.42516649141254814
suspicious-document05908.txt,source-document09117.txt,0.4157323367147179
suspicious-document05913.txt,source-document00026.txt,0.4250929996618195
suspicious-document05914.txt,source-document00961.txt,0.41872607030978076
suspicious-document05915.txt,source-document02407.txt,0.42004941757853864
suspicious-document05916.txt,source-document04486.txt,0.42081362346263007
suspicious-document05917.txt,source-document07410.txt,0.4195971321270058
suspicious-document05921.txt,source-document08259.txt,0.4242761692650334
suspicious-document05922.txt,source-document08333.txt,0.4250172771250864
suspicious-document05923.txt,source-document01989.txt,0.4235335195530726
suspicious-document05925.txt,source-document00153.txt,0.4172366621067032
suspicious-document05929.txt,source-document04806.txt,0.41182645206438073
suspicious-document05930.txt,source-document08270.txt,0.4103185595567867
suspicious-document05934.txt,source-document10949.txt,0.4190248891919536
suspicious-document05938.txt,source-document06194.txt,0.4113029827315542
suspicious-document05940.txt,source-document04877.txt,0.41690647482014387
suspicious-document05942.txt,source-document02784.txt,0.41886859372229124
suspicious-document05944.txt,source-document04699.txt,0.42625215889464596
suspicious-document05954.txt,source-document08986.txt,0.4139207700851536
suspicious-document05955.txt,source-document07884.txt,0.42874585731728587
suspicious-document05957.txt,source-document10710.txt,0.42941275450109373
suspicious-document05960.txt,source-document01314.txt,0.4194439329773523
suspicious-document05961.txt,source-document04650.txt,0.4273656152820968
suspicious-document05962.txt,source-document09270.txt,0.4175555166987236
suspicious-document05965.txt,source-document06414.txt,0.42148148148148146
suspicious-document05966.txt,source-document08466.txt,0.41419698314108255
suspicious-document05967.txt,source-document05406.txt,0.40546006066734075
suspicious-document05969.txt,source-document09104.txt,0.41542150894668883
suspicious-document05970.txt,source-document05940.txt,0.4165545087483176
suspicious-document05974.txt,source-document03757.txt,0.42244224422442245
suspicious-document05975.txt,source-document03471.txt,0.41125936757448367
suspicious-document05978.txt,source-document07897.txt,0.42148198504418766
suspicious-document05979.txt,source-document06022.txt,0.415866690816881
suspicious-document05980.txt,source-document05799.txt,0.41940137035701414
suspicious-document05984.txt,source-document04780.txt,0.427486309839251
suspicious-document05986.txt,source-document05259.txt,0.4187397857272563
suspicious-document05989.txt,source-document03902.txt,0.41605584642233867
suspicious-document05992.txt,source-document08239.txt,0.42186637217007183
suspicious-document05995.txt,source-document02999.txt,0.4248421771028834
suspicious-document05997.txt,source-document05435.txt,0.40925828511309836
suspicious-document06001.txt,source-document06022.txt,0.41841148987714133
suspicious-document06003.txt,source-document00161.txt,0.41696364932287955
suspicious-document06004.txt,source-document04785.txt,0.4226804123711341
suspicious-document06005.txt,source-document01540.txt,0.42422169004447485
suspicious-document06006.txt,source-document07567.txt,0.4262406526172672
suspicious-document06008.txt,source-document01739.txt,0.4175004239443785
suspicious-document06009.txt,source-document06490.txt,0.4236435501257636
suspicious-document06014.txt,source-document09103.txt,0.42899050905953406
suspicious-document06015.txt,source-document06811.txt,0.4091062394603709
suspicious-document06016.txt,source-document03010.txt,0.4260436351142416
suspicious-document06019.txt,source-document05560.txt,0.4239598278335725
suspicious-document06020.txt,source-document02462.txt,0.42245514300941556
suspicious-document06021.txt,source-document03166.txt,0.41181463249023925
suspicious-document06022.txt,source-document10698.txt,0.42183887604481596
suspicious-document06023.txt,source-document10809.txt,0.41684064022268624
suspicious-document06025.txt,source-document00575.txt,0.4196397032850583
suspicious-document06028.txt,source-document00153.txt,0.4217406260749914
suspicious-document06031.txt,source-document04137.txt,0.41765891188862425
suspicious-document06035.txt,source-document05591.txt,0.42634854771784236
suspicious-document06037.txt,source-document00881.txt,0.4124403604877187
suspicious-document06038.txt,source-document09821.txt,0.423861852433281
suspicious-document06039.txt,source-document03693.txt,0.42273112807463953
suspicious-document06040.txt,source-document09917.txt,0.4261354043559007
suspicious-document06041.txt,source-document00857.txt,0.41839863713798975
suspicious-document06044.txt,source-document03636.txt,0.4265060240963855
suspicious-document06046.txt,source-document00138.txt,0.421517054132021
suspicious-document06048.txt,source-document09614.txt,0.41959239595821207
suspicious-document06049.txt,source-document07698.txt,0.4247787610619469
suspicious-document06051.txt,source-document07822.txt,0.4185616564984286
suspicious-document06060.txt,source-document04695.txt,0.411844331641286
suspicious-document06061.txt,source-document10933.txt,0.4103007258900795
suspicious-document06065.txt,source-document02072.txt,0.420767004341534
suspicious-document06067.txt,source-document00161.txt,0.42446898895497026
suspicious-document06069.txt,source-document02462.txt,0.4190343385044449
suspicious-document06070.txt,source-document09067.txt,0.40949033391915646
suspicious-document06073.txt,source-document09493.txt,0.4219810040705563
suspicious-document06074.txt,source-document01433.txt,0.4217778524617712
suspicious-document06075.txt,source-document08483.txt,0.4362635472217443
suspicious-document06077.txt,source-document10652.txt,0.41691113028472826
suspicious-document06087.txt,source-document02748.txt,0.42741116751269037
suspicious-document06088.txt,source-document01155.txt,0.424368293527172
suspicious-document06089.txt,source-document00803.txt,0.41142270861833113
suspicious-document06091.txt,source-document01685.txt,0.41637871458189357
suspicious-document06092.txt,source-document02462.txt,0.42132959129977204
suspicious-document06097.txt,source-document01408.txt,0.42068965517241375
suspicious-document06099.txt,source-document07279.txt,0.4296545914069082
suspicious-document06100.txt,source-document07043.txt,0.4233476394849786
suspicious-document06101.txt,source-document01127.txt,0.4208658623136976
suspicious-document06103.txt,source-document09338.txt,0.4189141856392295
suspicious-document06106.txt,source-document03304.txt,0.4194594594594595
suspicious-document06107.txt,source-document00795.txt,0.4166385988548333
suspicious-document06109.txt,source-document10859.txt,0.4215668536276461
suspicious-document06113.txt,source-document10910.txt,0.4191637040799052
suspicious-document06114.txt,source-document00881.txt,0.42565597667638483
suspicious-document06115.txt,source-document09289.txt,0.4222655557525261
suspicious-document06119.txt,source-document01610.txt,0.4311762602788703
suspicious-document06120.txt,source-document09194.txt,0.4204545454545454
suspicious-document06123.txt,source-document04687.txt,0.4236524247340905
suspicious-document06125.txt,source-document02701.txt,0.425176854707056
suspicious-document06129.txt,source-document08733.txt,0.41459430023597754
suspicious-document06133.txt,source-document03969.txt,0.42673338098641894
suspicious-document06139.txt,source-document09033.txt,0.4308176100628931
suspicious-document06141.txt,source-document02253.txt,0.39790575916230364
suspicious-document06147.txt,source-document09516.txt,0.42327089337175794
suspicious-document06148.txt,source-document05964.txt,0.4190864323314655
suspicious-document06154.txt,source-document09251.txt,0.4186611168921262
suspicious-document06159.txt,source-document03304.txt,0.41956193353474325
suspicious-document06163.txt,source-document03651.txt,0.4179533213644524
suspicious-document06165.txt,source-document01127.txt,0.42136812411847674
suspicious-document06166.txt,source-document10121.txt,0.42239889388178364
suspicious-document06168.txt,source-document06248.txt,0.4302706429925875
suspicious-document06176.txt,source-document08375.txt,0.41860465116279066
suspicious-document06178.txt,source-document00153.txt,0.4196223751544027
suspicious-document06179.txt,source-document00900.txt,0.4141804141804142
suspicious-document06182.txt,source-document07921.txt,0.42410796820114627
suspicious-document06185.txt,source-document06941.txt,0.4170212765957447
suspicious-document06187.txt,source-document08343.txt,0.4211666967672024
suspicious-document06188.txt,source-document06176.txt,0.4214247834541276
suspicious-document06190.txt,source-document03437.txt,0.4190878675823208
suspicious-document06192.txt,source-document03304.txt,0.42063354682361087
suspicious-document06193.txt,source-document09103.txt,0.42830349531116796
suspicious-document06196.txt,source-document09399.txt,0.4251729374050953
suspicious-document06197.txt,source-document05962.txt,0.4194539866208642
suspicious-document06200.txt,source-document06360.txt,0.42804686133939496
suspicious-document06203.txt,source-document05105.txt,0.4204909284951974
suspicious-document06205.txt,source-document01752.txt,0.4257740585774059
suspicious-document06207.txt,source-document10043.txt,0.42917696926880966
suspicious-document06210.txt,source-document00774.txt,0.42717770034843205
suspicious-document06211.txt,source-document02032.txt,0.4201680672268907
suspicious-document06212.txt,source-document04209.txt,0.4197309417040359
suspicious-document06213.txt,source-document06022.txt,0.4206993995054751
suspicious-document06215.txt,source-document09886.txt,0.42760690172543137
suspicious-document06217.txt,source-document06807.txt,0.42229670135826425
suspicious-document06218.txt,source-document03392.txt,0.41804297638074944
suspicious-document06221.txt,source-document04815.txt,0.41125087351502443
suspicious-document06222.txt,source-document06021.txt,0.41816870944484497
suspicious-document06228.txt,source-document00544.txt,0.41400940930475694
suspicious-document06229.txt,source-document05740.txt,0.42545206414193104
suspicious-document06232.txt,source-document02122.txt,0.4181149732620321
suspicious-document06234.txt,source-document09823.txt,0.42638888888888893
suspicious-document06236.txt,source-document01164.txt,0.4066193853427896
suspicious-document06238.txt,source-document02724.txt,0.41264679313459807
suspicious-document06240.txt,source-document00640.txt,0.42218064296649094
suspicious-document06241.txt,source-document04795.txt,0.4099534550662371
suspicious-document06242.txt,source-document10132.txt,0.40773598296664304
suspicious-document06243.txt,source-document02935.txt,0.41378072851247083
suspicious-document06244.txt,source-document04565.txt,0.41435142594296226
suspicious-document06245.txt,source-document01636.txt,0.4285976168652612
suspicious-document06247.txt,source-document06592.txt,0.4190379403794038
suspicious-document06248.txt,source-document01424.txt,0.4338134430727023
suspicious-document06251.txt,source-document05428.txt,0.41969876459637845
suspicious-document06252.txt,source-document09155.txt,0.41906072595905725
suspicious-document06254.txt,source-document01694.txt,0.42515723270440253
suspicious-document06255.txt,source-document05273.txt,0.42532353969919556
suspicious-document06257.txt,source-document03069.txt,0.4231209462037391
suspicious-document06258.txt,source-document03724.txt,0.4230978754312693
suspicious-document06261.txt,source-document10789.txt,0.4201930215293245
suspicious-document06263.txt,source-document08934.txt,0.4223037930431742
suspicious-document06264.txt,source-document05740.txt,0.42438162544169616
suspicious-document06266.txt,source-document04287.txt,0.41481481481481486
suspicious-document06267.txt,source-document09223.txt,0.4252893418552427
suspicious-document06268.txt,source-document09292.txt,0.4158686730506156
suspicious-document06270.txt,source-document07430.txt,0.41690813021987383
suspicious-document06273.txt,source-document00099.txt,0.40816326530612246
suspicious-document06274.txt,source-document03011.txt,0.4229149115417018
suspicious-document06278.txt,source-document04414.txt,0.41976980365605954
suspicious-document06284.txt,source-document10183.txt,0.4263111111111111
suspicious-document06286.txt,source-document08813.txt,0.42470205850487536
suspicious-document06287.txt,source-document01976.txt,0.42071086807928915
suspicious-document06289.txt,source-document07041.txt,0.4209958655401762
suspicious-document06290.txt,source-document08940.txt,0.417320028510335
suspicious-document06294.txt,source-document01127.txt,0.4253285543608124
suspicious-document06296.txt,source-document04869.txt,0.4242219215155616
suspicious-document06297.txt,source-document06018.txt,0.42143432715551976
suspicious-document06299.txt,source-document00795.txt,0.421384750219106
suspicious-document06300.txt,source-document09089.txt,0.4253877696559102
suspicious-document06304.txt,source-document06394.txt,0.42045655636170587
suspicious-document06305.txt,source-document06025.txt,0.42562202223398626
suspicious-document06306.txt,source-document01652.txt,0.4244050814099123
suspicious-document06308.txt,source-document08301.txt,0.41875447387258413
suspicious-document06310.txt,source-document08182.txt,0.421502313990744
suspicious-document06316.txt,source-document02243.txt,0.4269430051813472
suspicious-document06320.txt,source-document01163.txt,0.4244269340974212
suspicious-document06322.txt,source-document00765.txt,0.4236846674769925
suspicious-document06323.txt,source-document02653.txt,0.4215991692627207
suspicious-document06325.txt,source-document04153.txt,0.42869371682931
suspicious-document06331.txt,source-document03969.txt,0.41628959276018096
suspicious-document06338.txt,source-document05168.txt,0.42006483535232897
suspicious-document06339.txt,source-document08624.txt,0.42486505310813155
suspicious-document06340.txt,source-document07430.txt,0.4169334756314479
suspicious-document06343.txt,source-document03304.txt,0.419783726289665
suspicious-document06344.txt,source-document01127.txt,0.41933112826166846
suspicious-document06347.txt,source-document01127.txt,0.42338232809596205
suspicious-document06348.txt,source-document08986.txt,0.4199531784620925
suspicious-document06349.txt,source-document10160.txt,0.4265614275909403
suspicious-document06351.txt,source-document00123.txt,0.4081993285032691
suspicious-document06352.txt,source-document03573.txt,0.41868758915834525
suspicious-document06353.txt,source-document04529.txt,0.4121813031161473
suspicious-document06354.txt,source-document02896.txt,0.42531907554329074
suspicious-document06356.txt,source-document02296.txt,0.42064876177188704
suspicious-document06357.txt,source-document06268.txt,0.43024861878453036
suspicious-document06358.txt,source-document08107.txt,0.4219178082191781
suspicious-document06360.txt,source-document04204.txt,0.4111310592459605
suspicious-document06370.txt,source-document08211.txt,0.42762093148714264
suspicious-document06375.txt,source-document01555.txt,0.42636494252873564
suspicious-document06377.txt,source-document02162.txt,0.42194092827004215
suspicious-document06378.txt,source-document01739.txt,0.4184129165235314
suspicious-document06379.txt,source-document08242.txt,0.4299583911234397
suspicious-document06380.txt,source-document02998.txt,0.42212618841832333
suspicious-document06381.txt,source-document04565.txt,0.42025862068965514
suspicious-document06384.txt,source-document06736.txt,0.4052364204767487
suspicious-document06387.txt,source-document05923.txt,0.428742106161461
suspicious-document06388.txt,source-document05968.txt,0.41740954378605144
suspicious-document06389.txt,source-document00796.txt,0.4221588884930531
suspicious-document06395.txt,source-document03540.txt,0.42361111111111116
suspicious-document06397.txt,source-document02251.txt,0.42137931034482756
suspicious-document06399.txt,source-document10710.txt,0.4248757923590885
suspicious-document06400.txt,source-document00926.txt,0.420574336604871
suspicious-document06401.txt,source-document06441.txt,0.4014713610089332
suspicious-document06403.txt,source-document07218.txt,0.42088881203527584
suspicious-document06406.txt,source-document00416.txt,0.5792789639481974
suspicious-document06408.txt,source-document06775.txt,0.42262317834836916
suspicious-document06409.txt,source-document10531.txt,0.4274207369323051
suspicious-document06412.txt,source-document02160.txt,0.4236627701027275
suspicious-document06413.txt,source-document00795.txt,0.42036509797353877
suspicious-document06415.txt,source-document07160.txt,0.4161028416779432
suspicious-document06416.txt,source-document02072.txt,0.4270795822830392
suspicious-document06417.txt,source-document07696.txt,0.42450765864332607
suspicious-document06419.txt,source-document10652.txt,0.4084585420144686
suspicious-document06420.txt,source-document02972.txt,0.42725337118523776
suspicious-document06421.txt,source-document10325.txt,0.4175450527031622
suspicious-document06422.txt,source-document05205.txt,0.4241040056219255
suspicious-document06424.txt,source-document09364.txt,0.43099025141098
suspicious-document06425.txt,source-document10570.txt,0.41645244215938304
suspicious-document06428.txt,source-document00823.txt,0.4207650273224044
suspicious-document06430.txt,source-document02966.txt,0.4187408491947291
suspicious-document06435.txt,source-document09194.txt,0.4169722367731796
suspicious-document06436.txt,source-document08883.txt,0.41957805907172996
suspicious-document06439.txt,source-document06022.txt,0.4222183160485147
suspicious-document06441.txt,source-document01466.txt,0.41342567927543944
suspicious-document06445.txt,source-document11013.txt,0.4196790689472756
suspicious-document06449.txt,source-document06953.txt,0.42405498281786946
suspicious-document06451.txt,source-document01466.txt,0.42007168458781363
suspicious-document06453.txt,source-document07680.txt,0.4136728287408441
suspicious-document06454.txt,source-document10662.txt,0.422366801477053
suspicious-document06457.txt,source-document09035.txt,0.42031277455631705
suspicious-document06463.txt,source-document07377.txt,0.43198906356801087
suspicious-document06469.txt,source-document00899.txt,0.4205217391304348
suspicious-document06470.txt,source-document09344.txt,0.411710209375579
suspicious-document06472.txt,source-document05256.txt,0.42247921937116006
suspicious-document06476.txt,source-document02972.txt,0.42605445808862785
suspicious-document06477.txt,source-document08483.txt,0.4322446143154968
suspicious-document06478.txt,source-document00430.txt,0.4345146379044684
suspicious-document06483.txt,source-document10491.txt,0.420656266810113
suspicious-document06484.txt,source-document06373.txt,0.4200034370166696
suspicious-document06487.txt,source-document10461.txt,0.4161167071899965
suspicious-document06489.txt,source-document06348.txt,0.42067431114153686
suspicious-document06491.txt,source-document04137.txt,0.4244493768140687
suspicious-document06495.txt,source-document00881.txt,0.4213734982965752
suspicious-document06499.txt,source-document06666.txt,0.4130046445158986
suspicious-document06503.txt,source-document08242.txt,0.43031951053704964
suspicious-document06505.txt,source-document05075.txt,0.4171506662111377
suspicious-document06510.txt,source-document05567.txt,0.41152409745687357
suspicious-document06511.txt,source-document10539.txt,0.41648220670866676
suspicious-document06512.txt,source-document05164.txt,0.4084916966272899
suspicious-document06515.txt,source-document00795.txt,0.41655219780219777
suspicious-document06516.txt,source-document04650.txt,0.4205422876638535
suspicious-document06517.txt,source-document04850.txt,0.4194665742985798
suspicious-document06518.txt,source-document06128.txt,0.40552995391705066
suspicious-document06519.txt,source-document05022.txt,0.5882352941176471
suspicious-document06525.txt,source-document06018.txt,0.4047324739537348
suspicious-document06527.txt,source-document02414.txt,0.42276999467990783
suspicious-document06534.txt,source-document10811.txt,0.42942278222373576
suspicious-document06537.txt,source-document08072.txt,0.42527511537096196
suspicious-document06538.txt,source-document04364.txt,0.4126599792459357
suspicious-document06543.txt,source-document09988.txt,0.41879194630872485
suspicious-document06545.txt,source-document06872.txt,0.42837273991655084
suspicious-document06546.txt,source-document05245.txt,0.41888321296459397
suspicious-document06547.txt,source-document09499.txt,0.42632911392405065
suspicious-document06551.txt,source-document05569.txt,0.4144512610770279
suspicious-document06553.txt,source-document02822.txt,0.410875106202209
suspicious-document06555.txt,source-document03675.txt,0.4198088618592528
suspicious-document06559.txt,source-document00963.txt,0.41874999999999996
suspicious-document06560.txt,source-document05190.txt,0.4210163652024117
suspicious-document06561.txt,source-document05799.txt,0.4239898532342816
suspicious-document06562.txt,source-document06733.txt,0.4215017064846417
suspicious-document06564.txt,source-document07503.txt,0.4178850731043863
suspicious-document06571.txt,source-document00452.txt,0.41926053310404127
suspicious-document06572.txt,source-document01096.txt,0.4169675090252708
suspicious-document06577.txt,source-document08534.txt,0.4127927298147501
suspicious-document06579.txt,source-document08333.txt,0.419917864476386
suspicious-document06581.txt,source-document05152.txt,0.4127332601536773
suspicious-document06583.txt,source-document09289.txt,0.41455160744500846
suspicious-document06585.txt,source-document09799.txt,0.4220934197067848
suspicious-document06587.txt,source-document09870.txt,0.42172751558325916
suspicious-document06590.txt,source-document00960.txt,0.42011729162964284
suspicious-document06594.txt,source-document01930.txt,0.42854587730280813
suspicious-document06597.txt,source-document06724.txt,0.4341675734494015
suspicious-document06601.txt,source-document10942.txt,0.4136125654450262
suspicious-document06602.txt,source-document04158.txt,0.4221933246640659
suspicious-document06604.txt,source-document00795.txt,0.41779074006562156
suspicious-document06605.txt,source-document02053.txt,0.41636706043485705
suspicious-document06612.txt,source-document09927.txt,0.4104906937394247
suspicious-document06613.txt,source-document00862.txt,0.4027206013960981
suspicious-document06615.txt,source-document05245.txt,0.4137107776261936
suspicious-document06616.txt,source-document04137.txt,0.41786394322312614
suspicious-document06619.txt,source-document01433.txt,0.4214788732394366
suspicious-document06627.txt,source-document01983.txt,0.41480446927374304
suspicious-document06633.txt,source-document00727.txt,0.4230962343096234
suspicious-document06636.txt,source-document04780.txt,0.4193903782592729
suspicious-document06639.txt,source-document05567.txt,0.41824960056808097
suspicious-document06640.txt,source-document01166.txt,0.4229059829059829
suspicious-document06641.txt,source-document09813.txt,0.4178043762857677
suspicious-document06642.txt,source-document00890.txt,0.42360060514372166
suspicious-document06643.txt,source-document10082.txt,0.42018779342723
suspicious-document06644.txt,source-document09997.txt,0.4267811158798283
suspicious-document06646.txt,source-document02653.txt,0.42482341069626645
suspicious-document06647.txt,source-document07630.txt,0.42648083623693384
suspicious-document06651.txt,source-document06268.txt,0.42681842432865014
suspicious-document06653.txt,source-document07377.txt,0.42903501280956446
suspicious-document06655.txt,source-document06128.txt,0.3994546693933197
suspicious-document06658.txt,source-document05601.txt,0.4192994505494505
suspicious-document06659.txt,source-document10789.txt,0.4222925457102672
suspicious-document06664.txt,source-document08638.txt,0.42009746261132586
suspicious-document06665.txt,source-document08986.txt,0.4166094715168154
suspicious-document06667.txt,source-document09382.txt,0.41662264483183664
suspicious-document06668.txt,source-document04566.txt,0.4109638122536725
suspicious-document06669.txt,source-document08242.txt,0.4348281277264002
suspicious-document06670.txt,source-document03677.txt,0.42577918647649243
suspicious-document06672.txt,source-document07246.txt,0.4286205710354317
suspicious-document06673.txt,source-document08093.txt,0.4282115869017632
suspicious-document06674.txt,source-document09037.txt,0.4245733788395904
suspicious-document06676.txt,source-document09799.txt,0.42293266654759776
suspicious-document06678.txt,source-document06404.txt,0.41644385026737973
suspicious-document06679.txt,source-document08438.txt,0.41792618629173994
suspicious-document06680.txt,source-document01657.txt,0.4292268479184366
suspicious-document06683.txt,source-document01127.txt,0.4248235932694048
suspicious-document06684.txt,source-document09700.txt,0.42055442866801895
suspicious-document06685.txt,source-document08582.txt,0.42681809855284847
suspicious-document06686.txt,source-document04805.txt,0.4232949665006013
suspicious-document06689.txt,source-document08419.txt,0.4303751803751804
suspicious-document06691.txt,source-document06422.txt,0.42285520515428954
suspicious-document06693.txt,source-document09214.txt,0.4157608695652174
suspicious-document06694.txt,source-document06165.txt,0.4199111111111111
suspicious-document06696.txt,source-document07214.txt,0.42898256306077526
suspicious-document06697.txt,source-document09297.txt,0.4242424242424242
suspicious-document06699.txt,source-document10954.txt,0.4199025046226257
suspicious-document06701.txt,source-document10289.txt,0.41986216646050534
suspicious-document06704.txt,source-document00686.txt,0.4207119741100323
suspicious-document06707.txt,source-document05435.txt,0.41997613771944775
suspicious-document06711.txt,source-document07235.txt,0.4214340198321892
suspicious-document06712.txt,source-document01309.txt,0.4211260240543838
suspicious-document06713.txt,source-document06757.txt,0.4197312588401697
suspicious-document06718.txt,source-document06384.txt,0.42057598261184576
suspicious-document06723.txt,source-document09363.txt,0.4234616036616375
suspicious-document06724.txt,source-document09018.txt,0.42258972554539054
suspicious-document06725.txt,source-document07687.txt,0.4283986871653135
suspicious-document06727.txt,source-document06537.txt,0.4112531969309463
suspicious-document06730.txt,source-document00679.txt,0.4254134029590949
suspicious-document06732.txt,source-document06128.txt,0.4222996515679442
suspicious-document06733.txt,source-document09168.txt,0.4178010471204189
suspicious-document06734.txt,source-document02971.txt,0.41829832680669277
suspicious-document06736.txt,source-document05167.txt,0.4184897671136203
suspicious-document06737.txt,source-document08373.txt,0.42786942786942783
suspicious-document06738.txt,source-document10616.txt,0.4222893588452501
suspicious-document06739.txt,source-document00790.txt,0.41522842639593904
suspicious-document06742.txt,source-document04695.txt,0.42166609530339394
suspicious-document06744.txt,source-document00862.txt,0.41656255577369256
suspicious-document06745.txt,source-document08813.txt,0.42477280376977444
suspicious-document06748.txt,source-document00795.txt,0.4192930524116315
suspicious-document06751.txt,source-document08259.txt,0.42844752818733733
suspicious-document06753.txt,source-document06775.txt,0.4229950319375444
suspicious-document06754.txt,source-document01127.txt,0.42301710730948683
suspicious-document06755.txt,source-document09155.txt,0.41558441558441556
suspicious-document06757.txt,source-document07687.txt,0.4187627464309993
suspicious-document06758.txt,source-document00138.txt,0.4185967302452316
suspicious-document06763.txt,source-document01244.txt,0.4213493042099701
suspicious-document06766.txt,source-document08813.txt,0.4249868397964556
suspicious-document06767.txt,source-document04977.txt,0.41900420757363255
suspicious-document06768.txt,source-document01864.txt,0.4225352112676056
suspicious-document06770.txt,source-document07322.txt,0.4133879294997329
suspicious-document06775.txt,source-document05205.txt,0.4204322200392927
suspicious-document06779.txt,source-document00681.txt,0.4160797113897956
suspicious-document06782.txt,source-document07177.txt,0.4183211424590735
suspicious-document06783.txt,source-document03279.txt,0.41732681611326483
suspicious-document06785.txt,source-document10416.txt,0.42112459408648095
suspicious-document06787.txt,source-document03484.txt,0.4113842173350582
suspicious-document06789.txt,source-document06938.txt,0.4208855177279943
suspicious-document06790.txt,source-document00894.txt,0.41974043715847
suspicious-document06791.txt,source-document05732.txt,0.41887268143345935
suspicious-document06792.txt,source-document08112.txt,0.41538726927721237
suspicious-document06793.txt,source-document01282.txt,0.410814606741573
suspicious-document06794.txt,source-document01849.txt,0.42439196334155793
suspicious-document06795.txt,source-document06441.txt,0.41905094207955346
suspicious-document06798.txt,source-document01698.txt,0.41414141414141414
suspicious-document06799.txt,source-document09039.txt,0.41863799283154124
suspicious-document06800.txt,source-document07794.txt,0.4168545170799376
suspicious-document06801.txt,source-document02072.txt,0.4207727756114853
suspicious-document06802.txt,source-document03636.txt,0.4203660083348433
suspicious-document06803.txt,source-document02972.txt,0.4231327048585932
suspicious-document06804.txt,source-document08330.txt,0.4320380111997285
suspicious-document06805.txt,source-document10494.txt,0.4227782571182054
suspicious-document06806.txt,source-document07567.txt,0.4252811997857526
suspicious-document06807.txt,source-document05564.txt,0.4051621667515707
suspicious-document06808.txt,source-document01136.txt,0.4237433522044947
suspicious-document06813.txt,source-document03131.txt,0.419790675547098
suspicious-document06816.txt,source-document04659.txt,0.42186936124142904
suspicious-document06818.txt,source-document08183.txt,0.42610169491525424
suspicious-document06820.txt,source-document00368.txt,0.42108890420399725
suspicious-document06821.txt,source-document10662.txt,0.42721449083278107
suspicious-document06824.txt,source-document04877.txt,0.4159322033898305
suspicious-document06827.txt,source-document01932.txt,0.4238160603980783
suspicious-document06828.txt,source-document10452.txt,0.4209756988854376
suspicious-document06830.txt,source-document02072.txt,0.4249134948096886
suspicious-document06831.txt,source-document10257.txt,0.4166815184459098
suspicious-document06836.txt,source-document09801.txt,0.4251648909183155
suspicious-document06837.txt,source-document09605.txt,0.4114765570328901
suspicious-document06840.txt,source-document04153.txt,0.4132762312633833
suspicious-document06842.txt,source-document10494.txt,0.4256849315068493
suspicious-document06852.txt,source-document04153.txt,0.42406985573272593
suspicious-document06856.txt,source-document03693.txt,0.4183517417162277
suspicious-document06859.txt,source-document06060.txt,0.42027920646583394
suspicious-document06860.txt,source-document08059.txt,0.414484092107576
suspicious-document06863.txt,source-document01096.txt,0.4146838885112169
suspicious-document06865.txt,source-document02972.txt,0.4201266713581985
suspicious-document06867.txt,source-document06490.txt,0.421916890080429
suspicious-document06871.txt,source-document04462.txt,0.4140908305992057
suspicious-document06872.txt,source-document01629.txt,0.42452325788629475
suspicious-document06875.txt,source-document01248.txt,0.41767217375162424
suspicious-document06877.txt,source-document04904.txt,0.40909886264216977
suspicious-document06878.txt,source-document05560.txt,0.42074731274526533
suspicious-document06881.txt,source-document00970.txt,0.42352129677530603
suspicious-document06882.txt,source-document02072.txt,0.42180424939045624
suspicious-document06883.txt,source-document05314.txt,0.42287139294620585
suspicious-document06885.txt,source-document01694.txt,0.42061426340447683
suspicious-document06886.txt,source-document00060.txt,0.4231173380035026
suspicious-document06887.txt,source-document09688.txt,0.4244206157039086
suspicious-document06890.txt,source-document01983.txt,0.42740619902120713
suspicious-document06891.txt,source-document00153.txt,0.4226769540422677
suspicious-document06892.txt,source-document00166.txt,0.423931623931624
suspicious-document06894.txt,source-document09988.txt,0.41365534773924095
suspicious-document06895.txt,source-document08361.txt,0.4271408839779005
suspicious-document06896.txt,source-document02461.txt,0.4147497805092186
suspicious-document06899.txt,source-document06193.txt,0.422203245089667
suspicious-document06901.txt,source-document09655.txt,0.42973800612453217
suspicious-document06906.txt,source-document08229.txt,0.4192341941228851
suspicious-document06912.txt,source-document01314.txt,0.36455696202531646
suspicious-document06913.txt,source-document06137.txt,0.4220312225925277
suspicious-document06914.txt,source-document01255.txt,0.41121181604565293
suspicious-document06915.txt,source-document02211.txt,0.42152766170817313
suspicious-document06917.txt,source-document09363.txt,0.4210167178437393
suspicious-document06918.txt,source-document10317.txt,0.4212765957446809
suspicious-document06920.txt,source-document03881.txt,0.4092098377812664
suspicious-document06922.txt,source-document04126.txt,0.4199563245422476
suspicious-document06924.txt,source-document05205.txt,0.4224077940153097
suspicious-document06925.txt,source-document00991.txt,0.42346570397111916
suspicious-document06926.txt,source-document06744.txt,0.41229718189581555
suspicious-document06928.txt,source-document03141.txt,0.40546541417591797
suspicious-document06940.txt,source-document08866.txt,0.42084385142445
suspicious-document06942.txt,source-document06450.txt,0.42311847317248824
suspicious-document06946.txt,source-document01599.txt,0.4209619031201517
suspicious-document06950.txt,source-document09011.txt,0.43196470987444857
suspicious-document06951.txt,source-document05009.txt,0.4229430089792926
suspicious-document06952.txt,source-document06583.txt,0.42436757872999487
suspicious-document06953.txt,source-document04165.txt,0.4267655486263273
suspicious-document06954.txt,source-document04037.txt,0.42893358120669256
suspicious-document06955.txt,source-document07680.txt,0.41771682727946624
suspicious-document06957.txt,source-document06384.txt,0.42132065863181123
suspicious-document06959.txt,source-document06197.txt,0.42034378876484135
suspicious-document06960.txt,source-document08406.txt,0.4131302140007255
suspicious-document06963.txt,source-document04573.txt,0.4158803631831939
suspicious-document06968.txt,source-document01127.txt,0.4206389885528788
suspicious-document06973.txt,source-document07822.txt,0.4241810199257008
suspicious-document06975.txt,source-document10586.txt,0.42094420600858373
suspicious-document06977.txt,source-document02966.txt,0.4231297185998627
suspicious-document06978.txt,source-document07377.txt,0.41658102089756766
suspicious-document06981.txt,source-document02072.txt,0.42193341641445614
suspicious-document06987.txt,source-document08497.txt,0.42041023902356334
suspicious-document06989.txt,source-document08483.txt,0.4316315601570867
suspicious-document06991.txt,source-document01477.txt,0.4178362053650737
suspicious-document06994.txt,source-document08497.txt,0.41776621445827916
suspicious-document06998.txt,source-document04249.txt,0.42237481158934853
suspicious-document07001.txt,source-document06738.txt,0.4084652443220922
suspicious-document07002.txt,source-document02685.txt,0.4175673357351175
suspicious-document07004.txt,source-document10212.txt,0.3990292945051135
suspicious-document07006.txt,source-document09884.txt,0.5688277087033748
suspicious-document07010.txt,source-document02253.txt,0.42448979591836733
suspicious-document07013.txt,source-document08239.txt,0.42499580043675456
suspicious-document07014.txt,source-document02369.txt,0.41545563344161396
suspicious-document07015.txt,source-document01127.txt,0.42190944548075293
suspicious-document07016.txt,source-document08093.txt,0.4202774447679397
suspicious-document07020.txt,source-document00031.txt,0.4229059829059829
suspicious-document07026.txt,source-document10362.txt,0.41986150988008786
suspicious-document07029.txt,source-document06989.txt,0.41401933701657456
suspicious-document07031.txt,source-document05773.txt,0.4219554030874786
suspicious-document07034.txt,source-document04697.txt,0.4239971850809289
suspicious-document07036.txt,source-document05075.txt,0.42196023227168744
suspicious-document07038.txt,source-document06474.txt,0.4261156450772704
suspicious-document07040.txt,source-document05940.txt,0.41501564129301355
suspicious-document07041.txt,source-document02226.txt,0.41622945085694296
suspicious-document07044.txt,source-document00795.txt,0.42081526452732
suspicious-document07045.txt,source-document00234.txt,0.4287515762925599
suspicious-document07048.txt,source-document06018.txt,0.41751874573960474
suspicious-document07050.txt,source-document02072.txt,0.42231909328683526
suspicious-document07051.txt,source-document04659.txt,0.4146593255333792
suspicious-document07054.txt,source-document00153.txt,0.41970932293512947
suspicious-document07057.txt,source-document03834.txt,0.43008817707396074
suspicious-document07059.txt,source-document06811.txt,0.42170655947378033
suspicious-document07063.txt,source-document09382.txt,0.41952054794520544
suspicious-document07066.txt,source-document10282.txt,0.42488888888888887
suspicious-document07070.txt,source-document02628.txt,0.42523089015523674
suspicious-document07071.txt,source-document05829.txt,0.4193832599118943
suspicious-document07073.txt,source-document05871.txt,0.4176972652847935
suspicious-document07074.txt,source-document03693.txt,0.42263239606693115
suspicious-document07075.txt,source-document10160.txt,0.4196864992415305
suspicious-document07078.txt,source-document09011.txt,0.42477231329690346
suspicious-document07082.txt,source-document03416.txt,0.4245283018867924
suspicious-document07083.txt,source-document06724.txt,0.4269430051813472
suspicious-document07085.txt,source-document04650.txt,0.4271032921093886
suspicious-document07086.txt,source-document02253.txt,0.4048297836659399
suspicious-document07089.txt,source-document07822.txt,0.4200034971148803
suspicious-document07091.txt,source-document09146.txt,0.41340782122905023
suspicious-document07093.txt,source-document06197.txt,0.42350813743218807
suspicious-document07096.txt,source-document02701.txt,0.4241547640571325
suspicious-document07097.txt,source-document04037.txt,0.43065693430656937
suspicious-document07099.txt,source-document09110.txt,0.41782347900599826
suspicious-document07101.txt,source-document08497.txt,0.41093993422191444
suspicious-document07102.txt,source-document03680.txt,0.4187860291624279
suspicious-document07104.txt,source-document01657.txt,0.42130097741826766
suspicious-document07108.txt,source-document01555.txt,0.4253665430136019
suspicious-document07109.txt,source-document08283.txt,0.41865179929042073
suspicious-document07112.txt,source-document09605.txt,0.4278467727829282
suspicious-document07113.txt,source-document07377.txt,0.4266333452338451
suspicious-document07114.txt,source-document08888.txt,0.42028227914270777
suspicious-document07118.txt,source-document06018.txt,0.4256905609218776
suspicious-document07119.txt,source-document06128.txt,0.4274837511606314
suspicious-document07121.txt,source-document07822.txt,0.4183517417162277
suspicious-document07124.txt,source-document07416.txt,0.4214150456188672
suspicious-document07126.txt,source-document08986.txt,0.4237472766884531
suspicious-document07129.txt,source-document04725.txt,0.4220245089810307
suspicious-document07132.txt,source-document08107.txt,0.4142906217794572
suspicious-document07134.txt,source-document04192.txt,0.4262832180560612
suspicious-document07135.txt,source-document05314.txt,0.4200928952348185
suspicious-document07138.txt,source-document07922.txt,0.42170756999654335
suspicious-document07141.txt,source-document01694.txt,0.4165660051768766
suspicious-document07143.txt,source-document08072.txt,0.4191859483195406
suspicious-document07146.txt,source-document10969.txt,0.41145920589713525
suspicious-document07151.txt,source-document04780.txt,0.4242731575388776
suspicious-document07153.txt,source-document01996.txt,0.4132436260623229
suspicious-document07154.txt,source-document00795.txt,0.4170531573314305
suspicious-document07155.txt,source-document00194.txt,0.43482654092286965
suspicious-document07156.txt,source-document08242.txt,0.4253921926304268
suspicious-document07157.txt,source-document05743.txt,0.4076649143632356
suspicious-document07161.txt,source-document06759.txt,0.4235171696149844
suspicious-document07164.txt,source-document00795.txt,0.42244001351808047
suspicious-document07166.txt,source-document09273.txt,0.4265288544358312
suspicious-document07167.txt,source-document05414.txt,0.4213503004595264
suspicious-document07168.txt,source-document03427.txt,0.42163429336905556
suspicious-document07169.txt,source-document04014.txt,0.42227141154435555
suspicious-document07170.txt,source-document02847.txt,0.4231571627260083
suspicious-document07173.txt,source-document09884.txt,0.4167577413479053
suspicious-document07174.txt,source-document04699.txt,0.4252423881612519
suspicious-document07175.txt,source-document06128.txt,0.4204161479637204
suspicious-document07177.txt,source-document02072.txt,0.4226222949627206
suspicious-document07179.txt,source-document05055.txt,0.41385435168738893
suspicious-document07181.txt,source-document01127.txt,0.42211756497470787
suspicious-document07183.txt,source-document02048.txt,0.4249786142001712
suspicious-document07185.txt,source-document04137.txt,0.42216624685138543
suspicious-document07186.txt,source-document02072.txt,0.42158223455933375
suspicious-document07188.txt,source-document00138.txt,0.4166954122111073
suspicious-document07192.txt,source-document00795.txt,0.4250217202432667
suspicious-document07195.txt,source-document11091.txt,0.4266802443991853
suspicious-document07197.txt,source-document09154.txt,0.42149929278642145
suspicious-document07202.txt,source-document02977.txt,0.4227162209100383
suspicious-document07210.txt,source-document07292.txt,0.43136593591905575
suspicious-document07211.txt,source-document03834.txt,0.42012142237640937
suspicious-document07212.txt,source-document01251.txt,0.42717770034843205
suspicious-document07214.txt,source-document03860.txt,0.4265984654731457
suspicious-document07215.txt,source-document09382.txt,0.4200509770603229
suspicious-document07216.txt,source-document06071.txt,0.41540977648555333
suspicious-document07217.txt,source-document08347.txt,0.41744002801610924
suspicious-document07220.txt,source-document00646.txt,0.4156281576288312
suspicious-document07221.txt,source-document07695.txt,0.4265586474110602
suspicious-document07226.txt,source-document02972.txt,0.42693602693602695
suspicious-document07231.txt,source-document05875.txt,0.42995594713656393
suspicious-document07232.txt,source-document00833.txt,0.4241142252776309
suspicious-document07236.txt,source-document08737.txt,0.411744738628649
suspicious-document07237.txt,source-document04659.txt,0.41967769296013574
suspicious-document07239.txt,source-document01657.txt,0.41814529628389685
suspicious-document07242.txt,source-document02896.txt,0.4155103592472914
suspicious-document07245.txt,source-document07150.txt,0.41717171717171714
suspicious-document07254.txt,source-document00438.txt,0.4239166946590527
suspicious-document07256.txt,source-document02322.txt,0.4272603670972128
suspicious-document07257.txt,source-document01127.txt,0.41901528013582345
suspicious-document07258.txt,source-document08147.txt,0.42701298701298707
suspicious-document07261.txt,source-document04725.txt,0.4172506738544475
suspicious-document07268.txt,source-document00281.txt,0.4222447599729547
suspicious-document07273.txt,source-document01395.txt,0.4222035323801514
suspicious-document07277.txt,source-document06796.txt,0.4149590163934425
suspicious-document07279.txt,source-document01295.txt,0.39774474628395695
suspicious-document07280.txt,source-document01722.txt,0.4301184433164129
suspicious-document07282.txt,source-document00701.txt,0.4123815967523681
suspicious-document07283.txt,source-document04230.txt,0.4171328671328671
suspicious-document07288.txt,source-document00411.txt,0.4180887372013652
suspicious-document07289.txt,source-document07558.txt,0.41746248294679394
suspicious-document07292.txt,source-document03757.txt,0.42654683719322506
suspicious-document07294.txt,source-document00694.txt,0.4160435078178109
suspicious-document07295.txt,source-document00384.txt,0.41402047544681586
suspicious-document07296.txt,source-document09886.txt,0.42973771061316657
suspicious-document07297.txt,source-document00795.txt,0.4149991592399529
suspicious-document07300.txt,source-document05653.txt,0.42078580481622313
suspicious-document07303.txt,source-document00039.txt,0.41666666666666663
suspicious-document07304.txt,source-document01632.txt,0.41707044353335815
suspicious-document07305.txt,source-document00039.txt,0.4146680570038235
suspicious-document07306.txt,source-document05664.txt,0.4222955374196909
suspicious-document07309.txt,source-document03576.txt,0.420186113099499
suspicious-document07310.txt,source-document06642.txt,0.4226698531922157
suspicious-document07311.txt,source-document01127.txt,0.41876347951114296
suspicious-document07313.txt,source-document09018.txt,0.4177145981410607
suspicious-document07314.txt,source-document04137.txt,0.417022792022792
suspicious-document07322.txt,source-document09516.txt,0.42601954836535216
suspicious-document07324.txt,source-document03573.txt,0.4211844694936482
suspicious-document07325.txt,source-document05435.txt,0.42268226822682264
suspicious-document07333.txt,source-document09298.txt,0.4190086867654573
suspicious-document07340.txt,source-document10456.txt,0.4187699964450764
suspicious-document07342.txt,source-document09889.txt,0.42296511627906974
suspicious-document07344.txt,source-document08402.txt,0.4228940217391305
suspicious-document07347.txt,source-document02461.txt,0.41687594173782017
suspicious-document07350.txt,source-document07583.txt,0.4242424242424242
suspicious-document07353.txt,source-document04246.txt,0.41498257839721253
suspicious-document07356.txt,source-document04877.txt,0.419054441260745
suspicious-document07358.txt,source-document00502.txt,0.4207119741100323
suspicious-document07360.txt,source-document04559.txt,0.4226594301221167
suspicious-document07363.txt,source-document01424.txt,0.4106790897688586
suspicious-document07366.txt,source-document09605.txt,0.4197396963123644
suspicious-document07371.txt,source-document09592.txt,0.41702867072111205
suspicious-document07372.txt,source-document09499.txt,0.4256944444444445
suspicious-document07373.txt,source-document09209.txt,0.40348128807658834
suspicious-document07374.txt,source-document07317.txt,0.4205422876638535
suspicious-document07375.txt,source-document07335.txt,0.42818243703199454
suspicious-document07377.txt,source-document01408.txt,0.41765114662960395
suspicious-document07378.txt,source-document03705.txt,0.42375168690958165
suspicious-document07379.txt,source-document01127.txt,0.41978849256139095
suspicious-document07380.txt,source-document10456.txt,0.42447552447552456
suspicious-document07386.txt,source-document05273.txt,0.42197726489838094
suspicious-document07387.txt,source-document09089.txt,0.4204585537918872
suspicious-document07388.txt,source-document00974.txt,0.430506993006993
suspicious-document07391.txt,source-document08688.txt,0.42297915607524156
suspicious-document07398.txt,source-document02536.txt,0.42027417027417024
suspicious-document07399.txt,source-document06490.txt,0.42134346399585565
suspicious-document07400.txt,source-document10927.txt,0.4088669950738916
suspicious-document07401.txt,source-document05548.txt,0.4182939362795478
suspicious-document07403.txt,source-document05799.txt,0.43133863714977516
suspicious-document07405.txt,source-document10406.txt,0.4089950808151792
suspicious-document07406.txt,source-document09801.txt,0.4189636163175303
suspicious-document07408.txt,source-document02296.txt,0.4270851701639923
suspicious-document07412.txt,source-document09088.txt,0.42436800663075014
suspicious-document07414.txt,source-document01892.txt,0.4311251314405888
suspicious-document07415.txt,source-document00970.txt,0.42040607404879715
suspicious-document07416.txt,source-document04179.txt,0.42390354709068667
suspicious-document07417.txt,source-document06285.txt,0.4157876828853352
suspicious-document07420.txt,source-document00795.txt,0.4188570459555706
suspicious-document07425.txt,source-document06924.txt,0.42422108783664847
suspicious-document07427.txt,source-document03135.txt,0.43002099370188934
suspicious-document07430.txt,source-document00446.txt,0.41792564929553555
suspicious-document07434.txt,source-document09187.txt,0.41768292682926833
suspicious-document07435.txt,source-document01961.txt,0.41086142322097374
suspicious-document07437.txt,source-document04775.txt,0.4237762237762238
suspicious-document07440.txt,source-document07218.txt,0.42656449553001274
suspicious-document07442.txt,source-document05725.txt,0.4224647567075943
suspicious-document07444.txt,source-document04650.txt,0.42693987235471953
suspicious-document07446.txt,source-document00862.txt,0.42417153996101364
suspicious-document07448.txt,source-document01309.txt,0.4257041659639063
suspicious-document07451.txt,source-document01855.txt,0.42123485285631856
suspicious-document07452.txt,source-document07203.txt,0.4236990154711674
suspicious-document07453.txt,source-document08000.txt,0.4246428571428571
suspicious-document07454.txt,source-document02257.txt,0.4177997527812114
suspicious-document07455.txt,source-document05255.txt,0.4322369553986568
suspicious-document07458.txt,source-document04311.txt,0.41639952758562515
suspicious-document07460.txt,source-document06534.txt,0.42333276479617943
suspicious-document07462.txt,source-document07985.txt,0.42145042289004864
suspicious-document07463.txt,source-document02226.txt,0.4217877094972067
suspicious-document07464.txt,source-document03304.txt,0.42553191489361697
suspicious-document07465.txt,source-document09688.txt,0.40956094253263264
suspicious-document07471.txt,source-document07453.txt,0.41910850648197473
suspicious-document07473.txt,source-document05569.txt,0.41051862673484296
suspicious-document07475.txt,source-document05993.txt,0.42008658008658
suspicious-document07477.txt,source-document09688.txt,0.41934940165177814
suspicious-document07480.txt,source-document07004.txt,0.42327150084317033
suspicious-document07482.txt,source-document08638.txt,0.4224021592442645
suspicious-document07485.txt,source-document01127.txt,0.41977480647431387
suspicious-document07486.txt,source-document04681.txt,0.4274496415158757
suspicious-document07487.txt,source-document07696.txt,0.42911187173482257
suspicious-document07498.txt,source-document08093.txt,0.43113975576662145
suspicious-document07501.txt,source-document04743.txt,0.42470506592644
suspicious-document07505.txt,source-document08737.txt,0.42014534392428593
suspicious-document07509.txt,source-document02497.txt,0.4116179615110478
suspicious-document07512.txt,source-document05432.txt,0.4237691001697793
suspicious-document07513.txt,source-document08318.txt,0.4246205733558178
suspicious-document07519.txt,source-document06811.txt,0.416354222460275
suspicious-document07520.txt,source-document05676.txt,0.42041100661790326
suspicious-document07524.txt,source-document03550.txt,0.42381974248927035
suspicious-document07525.txt,source-document05286.txt,0.4191810344827587
suspicious-document07533.txt,source-document10055.txt,0.42021184233373854
suspicious-document07534.txt,source-document05670.txt,0.4182159304110523
suspicious-document07535.txt,source-document01127.txt,0.4167832167832168
suspicious-document07536.txt,source-document05871.txt,0.41724321447578494
suspicious-document07537.txt,source-document00970.txt,0.41698572920292376
suspicious-document07538.txt,source-document00963.txt,0.42488262910798125
suspicious-document07542.txt,source-document04918.txt,0.41685068795651437
suspicious-document07544.txt,source-document09522.txt,0.4169950316943635
suspicious-document07545.txt,source-document04659.txt,0.43277027027027026
suspicious-document07546.txt,source-document01212.txt,0.41597563039431373
suspicious-document07547.txt,source-document08372.txt,0.4204545454545454
suspicious-document07548.txt,source-document01086.txt,0.4218697266284172
suspicious-document07550.txt,source-document06857.txt,0.4246861924686193
suspicious-document07552.txt,source-document04153.txt,0.414727335880514
suspicious-document07553.txt,source-document01054.txt,0.41746754341595005
suspicious-document07554.txt,source-document05525.txt,0.41353887399463807
suspicious-document07555.txt,source-document08270.txt,0.4112401144203265
suspicious-document07562.txt,source-document01314.txt,0.4237762237762238
suspicious-document07563.txt,source-document10494.txt,0.4176171258115458
suspicious-document07566.txt,source-document03712.txt,0.4182918628110289
suspicious-document07570.txt,source-document08813.txt,0.42128909625021604
suspicious-document07574.txt,source-document02049.txt,0.4166385988548333
suspicious-document07575.txt,source-document09964.txt,0.42417061611374407
suspicious-document07576.txt,source-document06764.txt,0.4201253599864476
suspicious-document07577.txt,source-document00763.txt,0.4183801180046487
suspicious-document07580.txt,source-document04795.txt,0.42987377279102373
suspicious-document07581.txt,source-document00234.txt,0.4285714285714286
suspicious-document07582.txt,source-document00161.txt,0.42902319044272663
suspicious-document07585.txt,source-document06666.txt,0.42471714534377725
suspicious-document07586.txt,source-document07687.txt,0.42726633872101194
suspicious-document07589.txt,source-document01096.txt,0.41637990364762556
suspicious-document07591.txt,source-document08602.txt,0.4143930407275603
suspicious-document07593.txt,source-document01557.txt,0.4199379222201935
suspicious-document07594.txt,source-document04872.txt,0.4224489795918367
suspicious-document07596.txt,source-document01074.txt,0.41709161244944615
suspicious-document07601.txt,source-document03056.txt,0.41994311527522166
suspicious-document07602.txt,source-document05682.txt,0.4142961342086069
suspicious-document07604.txt,source-document00970.txt,0.4305719588324616
suspicious-document07608.txt,source-document08242.txt,0.431234611326064
suspicious-document07610.txt,source-document02786.txt,0.412058508740635
suspicious-document07612.txt,source-document01989.txt,0.42859621724796115
suspicious-document07613.txt,source-document10155.txt,0.42936041332620706
suspicious-document07614.txt,source-document03677.txt,0.41370738636363635
suspicious-document07615.txt,source-document09035.txt,0.4265354597896166
suspicious-document07617.txt,source-document10269.txt,0.4168377823408625
suspicious-document07625.txt,source-document02896.txt,0.42500000000000004
suspicious-document07629.txt,source-document09600.txt,0.4066065043419036
suspicious-document07630.txt,source-document07085.txt,0.41558883594281826
suspicious-document07631.txt,source-document06238.txt,0.42380064417697916
suspicious-document07636.txt,source-document04666.txt,0.41633823002508064
suspicious-document07638.txt,source-document09209.txt,0.40973420780117364
suspicious-document07639.txt,source-document06025.txt,0.42781128059595597
suspicious-document07640.txt,source-document00176.txt,0.42466023242072093
suspicious-document07641.txt,source-document02053.txt,0.42146134839392874
suspicious-document07642.txt,source-document07280.txt,0.4203508771929825
suspicious-document07643.txt,source-document01433.txt,0.41635825314581787
suspicious-document07645.txt,source-document02113.txt,0.4211432506887053
suspicious-document07651.txt,source-document06881.txt,0.42118582791033987
suspicious-document07654.txt,source-document09109.txt,0.4021182700794351
suspicious-document07657.txt,source-document07322.txt,0.41178497587870433
suspicious-document07659.txt,source-document07483.txt,0.42152146802066626
suspicious-document07660.txt,source-document04175.txt,0.42163559165589815
suspicious-document07662.txt,source-document08059.txt,0.420489824077268
suspicious-document07666.txt,source-document01751.txt,0.43191196698762035
suspicious-document07667.txt,source-document00877.txt,0.4229828850855746
suspicious-document07672.txt,source-document06570.txt,0.41883936080740114
suspicious-document07673.txt,source-document09473.txt,0.41615798922800723
suspicious-document07674.txt,source-document08638.txt,0.4118260869565218
suspicious-document07677.txt,source-document02285.txt,0.4127586206896552
suspicious-document07678.txt,source-document06384.txt,0.4132799084144247
suspicious-document07679.txt,source-document05605.txt,0.4268641642821074
suspicious-document07680.txt,source-document10325.txt,0.4246300018271515
suspicious-document07681.txt,source-document03304.txt,0.4282522770235435
suspicious-document07682.txt,source-document01983.txt,0.42832167832167833
suspicious-document07686.txt,source-document10000.txt,0.4186449488823427
suspicious-document07687.txt,source-document10668.txt,0.41627866873598895
suspicious-document07689.txt,source-document00924.txt,0.41714490674318505
suspicious-document07690.txt,source-document08582.txt,0.4307167235494881
suspicious-document07691.txt,source-document01348.txt,0.42051282051282046
suspicious-document07692.txt,source-document08483.txt,0.4356608044576006
suspicious-document07693.txt,source-document01054.txt,0.41827091354567725
suspicious-document07695.txt,source-document00408.txt,0.4142516195022161
suspicious-document07697.txt,source-document07205.txt,0.42299932750504377
suspicious-document07698.txt,source-document10652.txt,0.4136187426259902
suspicious-document07699.txt,source-document09473.txt,0.4200512257592389
suspicious-document07700.txt,source-document09194.txt,0.42211226753113806
suspicious-document07701.txt,source-document10404.txt,0.4240196078431373
suspicious-document07707.txt,source-document03677.txt,0.4242119382964453
suspicious-document07711.txt,source-document05710.txt,0.41895604395604397
suspicious-document07717.txt,source-document05152.txt,0.4231957825849846
suspicious-document07722.txt,source-document03999.txt,0.417022792022792
suspicious-document07725.txt,source-document00093.txt,0.4132892676987302
suspicious-document07727.txt,source-document00469.txt,0.4231039325842697
suspicious-document07728.txt,source-document01412.txt,0.42150760719225444
suspicious-document07730.txt,source-document06490.txt,0.4190379403794038
suspicious-document07732.txt,source-document09964.txt,0.4177984274481773
suspicious-document07735.txt,source-document05074.txt,0.4261843238587425
suspicious-document07739.txt,source-document09394.txt,0.4220314735336195
suspicious-document07740.txt,source-document04192.txt,0.4247272727272728
suspicious-document07742.txt,source-document05245.txt,0.41463835663732096
suspicious-document07747.txt,source-document08259.txt,0.42542524619516564
suspicious-document07752.txt,source-document07210.txt,0.42564991334488733
suspicious-document07753.txt,source-document08878.txt,0.42229331537295844
suspicious-document07754.txt,source-document10691.txt,0.4292615596963423
suspicious-document07756.txt,source-document00774.txt,0.40888666999500745
suspicious-document07762.txt,source-document03278.txt,0.38830162085976044
suspicious-document07763.txt,source-document05484.txt,0.42548517026730137
suspicious-document07770.txt,source-document08301.txt,0.4226965122332119
suspicious-document07774.txt,source-document01127.txt,0.4176997245179064
suspicious-document07777.txt,source-document06466.txt,0.42343723386135246
suspicious-document07783.txt,source-document06738.txt,0.4145169898594556
suspicious-document07784.txt,source-document02033.txt,0.39585973806506125
suspicious-document07785.txt,source-document01127.txt,0.4034765167975932
suspicious-document07786.txt,source-document00970.txt,0.4179362880886427
suspicious-document07787.txt,source-document01177.txt,0.4176325957147875
suspicious-document07789.txt,source-document05562.txt,0.4214285714285714
suspicious-document07793.txt,source-document02072.txt,0.42654986522911054
suspicious-document07796.txt,source-document02784.txt,0.40944595821980023
suspicious-document07797.txt,source-document07432.txt,0.42689361702127665
suspicious-document07801.txt,source-document00227.txt,0.42304989458889675
suspicious-document07803.txt,source-document03279.txt,0.4193436960276339
suspicious-document07805.txt,source-document05132.txt,0.413840830449827
suspicious-document07808.txt,source-document05406.txt,0.4207052284175786
suspicious-document07810.txt,source-document01266.txt,0.40547445255474457
suspicious-document07811.txt,source-document04872.txt,0.42511399508944225
suspicious-document07813.txt,source-document07822.txt,0.41992018046156526
suspicious-document07814.txt,source-document02072.txt,0.4236419542193373
suspicious-document07817.txt,source-document01996.txt,0.41432753573273634
suspicious-document07818.txt,source-document01251.txt,0.42009769713886946
suspicious-document07820.txt,source-document09198.txt,0.42201191728005605
suspicious-document07823.txt,source-document02117.txt,0.4329153066483422
suspicious-document07827.txt,source-document10969.txt,0.4155001707067258
suspicious-document07829.txt,source-document09103.txt,0.4164541900390957
suspicious-document07830.txt,source-document05872.txt,0.4212773527842021
suspicious-document07831.txt,source-document08112.txt,0.42677222022310185
suspicious-document07836.txt,source-document09209.txt,0.42164561283714574
suspicious-document07839.txt,source-document04663.txt,0.42530939515426186
suspicious-document07840.txt,source-document05765.txt,0.4287219101123596
suspicious-document07841.txt,source-document08093.txt,0.43277239503654596
suspicious-document07842.txt,source-document08959.txt,0.42660316380336794
suspicious-document07848.txt,source-document00625.txt,0.41979581242429487
suspicious-document07852.txt,source-document07680.txt,0.4151934185191668
suspicious-document07853.txt,source-document06384.txt,0.4207818930041153
suspicious-document07855.txt,source-document06448.txt,0.4219653179190751
suspicious-document07857.txt,source-document07687.txt,0.41683079677708146
suspicious-document07860.txt,source-document00963.txt,0.4201680672268907
suspicious-document07861.txt,source-document01127.txt,0.4195372750642673
suspicious-document07864.txt,source-document00625.txt,0.4252617127166638
suspicious-document07865.txt,source-document01722.txt,0.409855564995752
suspicious-document07867.txt,source-document04675.txt,0.418726985796949
suspicious-document07868.txt,source-document00872.txt,0.4251455978074683
suspicious-document07873.txt,source-document04151.txt,0.43567510175190227
suspicious-document07874.txt,source-document03460.txt,0.41014295439074205
suspicious-document07875.txt,source-document04153.txt,0.4184699267336855
suspicious-document07876.txt,source-document10712.txt,0.41712660980097005
suspicious-document07879.txt,source-document09088.txt,0.4287629902782434
suspicious-document07881.txt,source-document07335.txt,0.40556038227628144
suspicious-document07886.txt,source-document07870.txt,0.4224745497259201
suspicious-document07887.txt,source-document02670.txt,0.41989330579934603
suspicious-document07890.txt,source-document06819.txt,0.4205560235888795
suspicious-document07892.txt,source-document01477.txt,0.4238634443129965
suspicious-document07894.txt,source-document04295.txt,0.4134287661895024
suspicious-document07897.txt,source-document07097.txt,0.42165938864628816
suspicious-document07902.txt,source-document05314.txt,0.4116059379217274
suspicious-document07905.txt,source-document02253.txt,0.41341207849114114
suspicious-document07907.txt,source-document06384.txt,0.41956155143338963
suspicious-document07909.txt,source-document06384.txt,0.42558382711746257
suspicious-document07910.txt,source-document09291.txt,0.42916811695092233
suspicious-document07913.txt,source-document06384.txt,0.4193725921849202
suspicious-document07915.txt,source-document07097.txt,0.4171236511586768
suspicious-document07916.txt,source-document01169.txt,0.412621359223301
suspicious-document07920.txt,source-document10082.txt,0.4247877758913412
suspicious-document07924.txt,source-document00569.txt,0.4246262093227793
suspicious-document07926.txt,source-document01518.txt,0.421811785400176
suspicious-document07928.txt,source-document03636.txt,0.42056870423974124
suspicious-document07929.txt,source-document01127.txt,0.4215400445892643
suspicious-document07933.txt,source-document07281.txt,0.421130402659771
suspicious-document07934.txt,source-document08230.txt,0.42490301126916685
suspicious-document07935.txt,source-document06905.txt,0.4288892692110218
suspicious-document07937.txt,source-document04874.txt,0.4117001828153565
suspicious-document07938.txt,source-document05404.txt,0.4106504646175841
suspicious-document07941.txt,source-document09692.txt,0.42024163894239186
suspicious-document07942.txt,source-document02072.txt,0.4238026124818578
suspicious-document07943.txt,source-document00771.txt,0.4172876304023845
suspicious-document07945.txt,source-document00795.txt,0.42083965604451185
suspicious-document07946.txt,source-document09499.txt,0.41203539823008856
suspicious-document07949.txt,source-document07004.txt,0.4195633187772925
suspicious-document07951.txt,source-document00040.txt,0.42601626016260163
suspicious-document07955.txt,source-document09122.txt,0.4247817901762792
suspicious-document07956.txt,source-document03011.txt,0.4244677255829672
suspicious-document07959.txt,source-document06474.txt,0.4277108433734939
suspicious-document07961.txt,source-document08148.txt,0.4205673758865248
suspicious-document07962.txt,source-document06738.txt,0.4154182797508837
suspicious-document07963.txt,source-document03195.txt,0.41462596444146255
suspicious-document07964.txt,source-document08125.txt,0.4175550817341862
suspicious-document07965.txt,source-document09849.txt,0.4267024488426703
suspicious-document07967.txt,source-document05074.txt,0.41303602058319044
suspicious-document07969.txt,source-document08593.txt,0.41868695806052025
suspicious-document07972.txt,source-document06384.txt,0.42696245733788396
suspicious-document07973.txt,source-document01095.txt,0.43001345895020193
suspicious-document07977.txt,source-document09457.txt,0.41530434782608694
suspicious-document07980.txt,source-document07980.txt,0.40250914793518033
suspicious-document07982.txt,source-document06137.txt,0.4257425742574258
suspicious-document07989.txt,source-document06967.txt,0.41666666666666663
suspicious-document07991.txt,source-document00153.txt,0.41876597298284046
suspicious-document07993.txt,source-document00970.txt,0.4244244244244244
suspicious-document07994.txt,source-document10212.txt,0.40170212765957447
suspicious-document07995.txt,source-document08883.txt,0.42434782608695654
suspicious-document07996.txt,source-document00795.txt,0.4157830697027638
suspicious-document07998.txt,source-document09338.txt,0.42513550135501355
suspicious-document08003.txt,source-document04226.txt,0.41819772528433946
suspicious-document08004.txt,source-document09235.txt,0.415392725355825
suspicious-document08006.txt,source-document02574.txt,0.4235136940547763
suspicious-document08008.txt,source-document08878.txt,0.4207920792079209
suspicious-document08010.txt,source-document06018.txt,0.42516778523489923
suspicious-document08011.txt,source-document05108.txt,0.41988541859175754
suspicious-document08014.txt,source-document10605.txt,0.41825229034531364
suspicious-document08017.txt,source-document02282.txt,0.41559756920999325
suspicious-document08018.txt,source-document10201.txt,0.42320122469807786
suspicious-document08019.txt,source-document01566.txt,0.4163390873354982
suspicious-document08025.txt,source-document01127.txt,0.42395504039339665
suspicious-document08026.txt,source-document09499.txt,0.40013691596782475
suspicious-document08027.txt,source-document10525.txt,0.42658366898571953
suspicious-document08029.txt,source-document09605.txt,0.4297154540807633
suspicious-document08030.txt,source-document03598.txt,0.4289622469451031
suspicious-document08040.txt,source-document07841.txt,0.42694983522519225
suspicious-document08041.txt,source-document10003.txt,0.4199082724647528
suspicious-document08043.txt,source-document10527.txt,0.42672263029031127
suspicious-document08046.txt,source-document07225.txt,0.41839080459770117
suspicious-document08048.txt,source-document04350.txt,0.4160427807486631
suspicious-document08049.txt,source-document02257.txt,0.42702050663449936
suspicious-document08050.txt,source-document07783.txt,0.41073271413828694
suspicious-document08052.txt,source-document08624.txt,0.4192359249329759
suspicious-document08054.txt,source-document09273.txt,0.4254807692307693
suspicious-document08056.txt,source-document09780.txt,0.4184347826086956
suspicious-document08060.txt,source-document01295.txt,0.42256944444444444
suspicious-document08061.txt,source-document04032.txt,0.42150463758158707
suspicious-document08063.txt,source-document09187.txt,0.3962431330852384
suspicious-document08064.txt,source-document09499.txt,0.42561270279599583
suspicious-document08067.txt,source-document04390.txt,0.41902949571836345
suspicious-document08068.txt,source-document08638.txt,0.42307022129290817
suspicious-document08071.txt,source-document06266.txt,0.41290322580645167
suspicious-document08074.txt,source-document04659.txt,0.4191269697518566
suspicious-document08078.txt,source-document06164.txt,0.4233733644022226
suspicious-document08081.txt,source-document02702.txt,0.4211412220164955
suspicious-document08082.txt,source-document07687.txt,0.41865394806571277
suspicious-document08083.txt,source-document02162.txt,0.4208063354931606
suspicious-document08084.txt,source-document00208.txt,0.4123239436619718
suspicious-document08086.txt,source-document09614.txt,0.4296982167352537
suspicious-document08088.txt,source-document10857.txt,0.42144302090357383
suspicious-document08089.txt,source-document00679.txt,0.4149333333333334
suspicious-document08091.txt,source-document02226.txt,0.4091233071988596
suspicious-document08092.txt,source-document01260.txt,0.4165634400990975
suspicious-document08095.txt,source-document07413.txt,0.4267896805057235
suspicious-document08097.txt,source-document02072.txt,0.4279069767441861
suspicious-document08098.txt,source-document05564.txt,0.4043810848400556
suspicious-document08099.txt,source-document09399.txt,0.4117137411193901
suspicious-document08102.txt,source-document07915.txt,0.4197488388095648
suspicious-document08105.txt,source-document09618.txt,0.4263618022864829
suspicious-document08107.txt,source-document08072.txt,0.4192771084337349
suspicious-document08109.txt,source-document10043.txt,0.4347677010114863
suspicious-document08112.txt,source-document11091.txt,0.42014487754398067
suspicious-document08117.txt,source-document09344.txt,0.41676729342763497
suspicious-document08118.txt,source-document04137.txt,0.4178947368421052
suspicious-document08121.txt,source-document09382.txt,0.41838297872340424
suspicious-document08127.txt,source-document09988.txt,0.42103448275862065
suspicious-document08130.txt,source-document03304.txt,0.41933788754598
suspicious-document08134.txt,source-document06531.txt,0.4236804564907275
suspicious-document08135.txt,source-document08402.txt,0.41555327166837963
suspicious-document08138.txt,source-document04660.txt,0.42381193979367493
suspicious-document08140.txt,source-document01309.txt,0.4256733123469745
suspicious-document08143.txt,source-document01518.txt,0.41835864186998806
suspicious-document08146.txt,source-document10404.txt,0.42341888944807915
suspicious-document08147.txt,source-document07695.txt,0.4327241079199303
suspicious-document08148.txt,source-document06176.txt,0.42294585384324124
suspicious-document08149.txt,source-document09103.txt,0.43506830364862525
suspicious-document08151.txt,source-document09844.txt,0.41486486486486485
suspicious-document08154.txt,source-document05168.txt,0.41668158224449614
suspicious-document08161.txt,source-document09731.txt,0.41472933989479044
suspicious-document08163.txt,source-document02231.txt,0.4145467574346112
suspicious-document08165.txt,source-document02734.txt,0.4181587990595045
suspicious-document08166.txt,source-document01010.txt,0.42179443107597114
suspicious-document08167.txt,source-document06128.txt,0.42938611204293864
suspicious-document08168.txt,source-document07327.txt,0.4207221350078493
suspicious-document08169.txt,source-document00963.txt,0.430091743119266
suspicious-document08171.txt,source-document06021.txt,0.4200378722671716
suspicious-document08172.txt,source-document10494.txt,0.4078539441956597
suspicious-document08176.txt,source-document06343.txt,0.42199058507061193
suspicious-document08177.txt,source-document02369.txt,0.4189628615437275
suspicious-document08191.txt,source-document01705.txt,0.4238046095631235
suspicious-document08192.txt,source-document05141.txt,0.4069233486400565
suspicious-document08193.txt,source-document08565.txt,0.41320789522228374
suspicious-document08194.txt,source-document09122.txt,0.4169357732328669
suspicious-document08196.txt,source-document05168.txt,0.4277604834279436
suspicious-document08197.txt,source-document01876.txt,0.42108938547486036
suspicious-document08200.txt,source-document01127.txt,0.42453854505971766
suspicious-document08201.txt,source-document01125.txt,0.42398884239888424
suspicious-document08202.txt,source-document11007.txt,0.41633199464524767
suspicious-document08204.txt,source-document06967.txt,0.41883226459669254
suspicious-document08207.txt,source-document00469.txt,0.4292268479184366
suspicious-document08210.txt,source-document02755.txt,0.42304385210662077
suspicious-document08214.txt,source-document06052.txt,0.41829826166514184
suspicious-document08215.txt,source-document06384.txt,0.4256828662646328
suspicious-document08217.txt,source-document07004.txt,0.4175627240143369
suspicious-document08219.txt,source-document06592.txt,0.40827436037016873
suspicious-document08220.txt,source-document01751.txt,0.431189229618549
suspicious-document08221.txt,source-document00444.txt,0.42421089143253554
suspicious-document08222.txt,source-document02194.txt,0.4051739206432442
suspicious-document08224.txt,source-document04137.txt,0.4106695309702828
suspicious-document08226.txt,source-document06674.txt,0.41845309552392385
suspicious-document08227.txt,source-document04904.txt,0.4113188479029814
suspicious-document08230.txt,source-document09382.txt,0.42086459449803504
suspicious-document08234.txt,source-document08888.txt,0.4183185235816814
suspicious-document08235.txt,source-document00899.txt,0.41746248294679394
suspicious-document08237.txt,source-document03755.txt,0.4248793935217091
suspicious-document08240.txt,source-document08737.txt,0.42280701754385963
suspicious-document08241.txt,source-document04311.txt,0.4211827007943513
suspicious-document08242.txt,source-document05141.txt,0.4119184526921066
suspicious-document08244.txt,source-document00890.txt,0.4237918215613383
suspicious-document08248.txt,source-document05435.txt,0.41455534772997793
suspicious-document08249.txt,source-document01705.txt,0.41101694915254244
suspicious-document08250.txt,source-document01722.txt,0.42423139894487905
suspicious-document08253.txt,source-document10160.txt,0.4215031672658791
suspicious-document08254.txt,source-document10737.txt,0.4181971356360573
suspicious-document08255.txt,source-document07489.txt,0.4253798033958892
suspicious-document08256.txt,source-document05564.txt,0.4145519077196096
suspicious-document08257.txt,source-document02122.txt,0.42310989199382815
suspicious-document08259.txt,source-document09018.txt,0.41686582451348586
suspicious-document08260.txt,source-document02072.txt,0.4188356164383562
suspicious-document08261.txt,source-document05092.txt,0.4251444580633864
suspicious-document08262.txt,source-document05165.txt,0.4165043385868603
suspicious-document08265.txt,source-document08638.txt,0.4184839044652129
suspicious-document08268.txt,source-document09013.txt,0.4299762631400475
suspicious-document08271.txt,source-document02822.txt,0.42407936774844457
suspicious-document08278.txt,source-document09684.txt,0.41450235314624373
suspicious-document08284.txt,source-document05074.txt,0.417430399446654
suspicious-document08287.txt,source-document00153.txt,0.41685068795651437
suspicious-document08289.txt,source-document06861.txt,0.42139439507860565
suspicious-document08294.txt,source-document06466.txt,0.4240560396377926
suspicious-document08297.txt,source-document00862.txt,0.4162911611785095
suspicious-document08300.txt,source-document02072.txt,0.3993860845839018
suspicious-document08301.txt,source-document04980.txt,0.4295602605863193
suspicious-document08303.txt,source-document04805.txt,0.42560235423947035
suspicious-document08305.txt,source-document01127.txt,0.4164014229545029
suspicious-document08307.txt,source-document04659.txt,0.42786421499292776
suspicious-document08308.txt,source-document05102.txt,0.422366801477053
suspicious-document08310.txt,source-document05190.txt,0.4182305630026809
suspicious-document08311.txt,source-document10527.txt,0.42196219621962194
suspicious-document08312.txt,source-document10577.txt,0.417372101582628
suspicious-document08319.txt,source-document05649.txt,0.41221374045801523
suspicious-document08320.txt,source-document08436.txt,0.42302498311951386
suspicious-document08324.txt,source-document08986.txt,0.4184699267336855
suspicious-document08325.txt,source-document00996.txt,0.4199484092863285
suspicious-document08327.txt,source-document09536.txt,0.42881646655231564
suspicious-document08329.txt,source-document09821.txt,0.4218583125667498
suspicious-document08336.txt,source-document03966.txt,0.4138166894664843
suspicious-document08338.txt,source-document04977.txt,0.4214322514167954
suspicious-document08341.txt,source-document03540.txt,0.41454545454545455
suspicious-document08344.txt,source-document06384.txt,0.42168237853517043
suspicious-document08345.txt,source-document05155.txt,0.4166948293342345
suspicious-document08347.txt,source-document09377.txt,0.4247275204359673
suspicious-document08348.txt,source-document00803.txt,0.4257408975444539
suspicious-document08350.txt,source-document02705.txt,0.4210161262354777
suspicious-document08351.txt,source-document06474.txt,0.4243448858833474
suspicious-document08352.txt,source-document08242.txt,0.4229059221056376
suspicious-document08354.txt,source-document00234.txt,0.4207412563076388
suspicious-document08356.txt,source-document09613.txt,0.42762374553495497
suspicious-document08361.txt,source-document05273.txt,0.42661996497373034
suspicious-document08364.txt,source-document03998.txt,0.42095851216022895
suspicious-document08365.txt,source-document00575.txt,0.41571478020076147
suspicious-document08367.txt,source-document07292.txt,0.42898849390348615
suspicious-document08368.txt,source-document05071.txt,0.43620836891545683
suspicious-document08369.txt,source-document10522.txt,0.4280510018214936
suspicious-document08370.txt,source-document09109.txt,0.4266006367173682
suspicious-document08372.txt,source-document01470.txt,0.42164179104477617
suspicious-document08373.txt,source-document06266.txt,0.42523768366465
suspicious-document08374.txt,source-document08678.txt,0.4120460584588132
suspicious-document08375.txt,source-document06811.txt,0.41452702702702704
suspicious-document08377.txt,source-document06738.txt,0.4259070871481858
suspicious-document08382.txt,source-document10125.txt,0.42121904092745477
suspicious-document08383.txt,source-document00349.txt,0.4253487170656105
suspicious-document08384.txt,source-document05885.txt,0.42737668544120155
suspicious-document08387.txt,source-document09488.txt,0.41435790207353196
suspicious-document08388.txt,source-document03978.txt,0.41841303958445275
suspicious-document08389.txt,source-document00924.txt,0.42844842431548136
suspicious-document08390.txt,source-document06268.txt,0.4164623467600701
suspicious-document08394.txt,source-document04780.txt,0.4207052284175786
suspicious-document08398.txt,source-document08239.txt,0.41417268661850704
suspicious-document08400.txt,source-document06536.txt,0.4154990486075073
suspicious-document08403.txt,source-document01127.txt,0.4181326116373477
suspicious-document08409.txt,source-document01127.txt,0.4226105563480742
suspicious-document08410.txt,source-document03279.txt,0.4118564742589703
suspicious-document08413.txt,source-document05799.txt,0.42770475227502525
suspicious-document08414.txt,source-document00026.txt,0.4286995515695067
suspicious-document08415.txt,source-document09033.txt,0.4249786142001712
suspicious-document08418.txt,source-document08813.txt,0.42623503625021075
suspicious-document08419.txt,source-document01127.txt,0.4252109894056384
suspicious-document08421.txt,source-document03902.txt,0.42952789699570815
suspicious-document08428.txt,source-document06257.txt,0.41672378341329674
suspicious-document08430.txt,source-document09382.txt,0.4286746117732033
suspicious-document08431.txt,source-document09906.txt,0.4249526107185938
suspicious-document08433.txt,source-document03435.txt,0.41890166028097064
suspicious-document08435.txt,source-document04811.txt,0.41919620145836867
suspicious-document08438.txt,source-document00899.txt,0.42466507616076343
suspicious-document08439.txt,source-document03712.txt,0.4196018376722817
suspicious-document08440.txt,source-document09382.txt,0.4244058654980617
suspicious-document08441.txt,source-document00823.txt,0.4219051291939838
suspicious-document08444.txt,source-document02877.txt,0.41869698610359135
suspicious-document08448.txt,source-document08602.txt,0.4196444287977469
suspicious-document08455.txt,source-document05920.txt,0.42110673291074185
suspicious-document08457.txt,source-document04209.txt,0.41379310344827597
suspicious-document08459.txt,source-document02431.txt,0.4108761329305136
suspicious-document08460.txt,source-document01096.txt,0.42136812411847674
suspicious-document08461.txt,source-document01024.txt,0.42060523631417884
suspicious-document08463.txt,source-document00227.txt,0.42793035361694487
suspicious-document08467.txt,source-document07358.txt,0.41977391597772906
suspicious-document08469.txt,source-document04324.txt,0.41950034698126304
suspicious-document08470.txt,source-document02822.txt,0.4108391608391608
suspicious-document08471.txt,source-document00795.txt,0.4245183887915937
suspicious-document08479.txt,source-document06775.txt,0.4270656239374363
suspicious-document08480.txt,source-document10030.txt,0.41489177489177487
suspicious-document08481.txt,source-document00646.txt,0.4205525250747845
suspicious-document08485.txt,source-document00679.txt,0.4266354358373766
suspicious-document08486.txt,source-document09964.txt,0.42604149097655586
suspicious-document08487.txt,source-document08951.txt,0.43335611756664383
suspicious-document08488.txt,source-document08195.txt,0.4189736664415935
suspicious-document08489.txt,source-document05759.txt,0.41861269676526563
suspicious-document08492.txt,source-document00153.txt,0.42230483271375463
suspicious-document08494.txt,source-document09110.txt,0.4240208877284596
suspicious-document08495.txt,source-document04693.txt,0.4130705025750311
suspicious-document08496.txt,source-document07292.txt,0.42837029215065114
suspicious-document08498.txt,source-document09370.txt,0.4237198662678163
suspicious-document08499.txt,source-document03047.txt,0.41229010360843155
suspicious-document08501.txt,source-document00914.txt,0.4220920502092051
suspicious-document08502.txt,source-document08923.txt,0.4207818930041153
suspicious-document08503.txt,source-document04967.txt,0.4139659803043868
suspicious-document08504.txt,source-document06905.txt,0.4372370266479664
suspicious-document08505.txt,source-document04641.txt,0.40367621067515025
suspicious-document08506.txt,source-document03342.txt,0.4165940386961827
suspicious-document08509.txt,source-document00967.txt,0.42897828408686367
suspicious-document08510.txt,source-document08632.txt,0.4188554531222821
suspicious-document08515.txt,source-document07571.txt,0.42230533832029926
suspicious-document08516.txt,source-document08148.txt,0.4211593713030252
suspicious-document08520.txt,source-document04516.txt,0.40606687349189924
suspicious-document08521.txt,source-document10662.txt,0.41241353524023183
suspicious-document08527.txt,source-document02536.txt,0.42227979274611394
suspicious-document08529.txt,source-document11057.txt,0.4162162162162162
suspicious-document08530.txt,source-document01127.txt,0.4210708117443869
suspicious-document08535.txt,source-document06128.txt,0.410564225690276
suspicious-document08538.txt,source-document05009.txt,0.42522711390635914
suspicious-document08540.txt,source-document10737.txt,0.4171947251241651
suspicious-document08543.txt,source-document08080.txt,0.3933797909407666
suspicious-document08546.txt,source-document08301.txt,0.4193832599118943
suspicious-document08549.txt,source-document00857.txt,0.41473834104663576
suspicious-document08550.txt,source-document05075.txt,0.4149928263988522
suspicious-document08554.txt,source-document04458.txt,0.4159111933395005
suspicious-document08560.txt,source-document02721.txt,0.43700503959683223
suspicious-document08563.txt,source-document00199.txt,0.4231039325842697
suspicious-document08573.txt,source-document07844.txt,0.4158691491212807
suspicious-document08578.txt,source-document01195.txt,0.41529311809685643
suspicious-document08581.txt,source-document03437.txt,0.4144771184966069
suspicious-document08585.txt,source-document09382.txt,0.4166818430158441
suspicious-document08586.txt,source-document09089.txt,0.42145178764897073
suspicious-document08588.txt,source-document01864.txt,0.42032252470955433
suspicious-document08596.txt,source-document07214.txt,0.43004996431120623
suspicious-document08598.txt,source-document10406.txt,0.41379310344827597
suspicious-document08600.txt,source-document00309.txt,0.4217877094972067
suspicious-document08601.txt,source-document08389.txt,0.4142316947404606
suspicious-document08603.txt,source-document01507.txt,0.4144805876180483
suspicious-document08604.txt,source-document07214.txt,0.4129888769285971
suspicious-document08606.txt,source-document09799.txt,0.41303223582141013
suspicious-document08607.txt,source-document00466.txt,0.4206617150573937
suspicious-document08610.txt,source-document09488.txt,0.41904075009015507
suspicious-document08611.txt,source-document06040.txt,0.4222770532252379
suspicious-document08613.txt,source-document08211.txt,0.42000337894914685
suspicious-document08616.txt,source-document05175.txt,0.41281385281385286
suspicious-document08619.txt,source-document05068.txt,0.42137301318904297
suspicious-document08621.txt,source-document02976.txt,0.41580192972874563
suspicious-document08622.txt,source-document05387.txt,0.4140182099295654
suspicious-document08624.txt,source-document05644.txt,0.42720473125761005
suspicious-document08625.txt,source-document05001.txt,0.4249830278343517
suspicious-document08626.txt,source-document00274.txt,0.41161042140234305
suspicious-document08627.txt,source-document05871.txt,0.415016359566041
suspicious-document08629.txt,source-document07740.txt,0.4076011157601116
suspicious-document08630.txt,source-document09849.txt,0.4172635445362718
suspicious-document08632.txt,source-document09440.txt,0.41520685799478196
suspicious-document08633.txt,source-document08602.txt,0.4272093876054272
suspicious-document08636.txt,source-document09112.txt,0.4233350542075375
suspicious-document08639.txt,source-document08107.txt,0.4298970811540408
suspicious-document08641.txt,source-document02049.txt,0.42342342342342343
suspicious-document08642.txt,source-document00018.txt,0.4229800100789518
suspicious-document08643.txt,source-document06941.txt,0.41080493110949967
suspicious-document08645.txt,source-document00654.txt,0.42699074913840024
suspicious-document08648.txt,source-document07567.txt,0.42874169930189
suspicious-document08650.txt,source-document10954.txt,0.42117930204572807
suspicious-document08651.txt,source-document03578.txt,0.4101548433561397
suspicious-document08652.txt,source-document07273.txt,0.4248177657230039
suspicious-document08653.txt,source-document01899.txt,0.4212317114664852
suspicious-document08656.txt,source-document05141.txt,0.4219583548442609
suspicious-document08658.txt,source-document04805.txt,0.43044888206178533
suspicious-document08660.txt,source-document06819.txt,0.42216538789428815
suspicious-document08661.txt,source-document00280.txt,0.4227835226309544
suspicious-document08662.txt,source-document05271.txt,0.42980818197250037
suspicious-document08663.txt,source-document03677.txt,0.42216044479745835
suspicious-document08667.txt,source-document04699.txt,0.4215520162656726
suspicious-document08669.txt,source-document07317.txt,0.40804090989243524
suspicious-document08671.txt,source-document03172.txt,0.42363357738804697
suspicious-document08674.txt,source-document02289.txt,0.42020473233764055
suspicious-document08675.txt,source-document02253.txt,0.40350223546944863
suspicious-document08676.txt,source-document10269.txt,0.4139118457300276
suspicious-document08680.txt,source-document08082.txt,0.41687084354217707
suspicious-document08681.txt,source-document04580.txt,0.41974865350089763
suspicious-document08683.txt,source-document06931.txt,0.41869158878504675
suspicious-document08685.txt,source-document06164.txt,0.4253137705497614
suspicious-document08686.txt,source-document01314.txt,0.4251455978074683
suspicious-document08687.txt,source-document03724.txt,0.418733738074588
suspicious-document08689.txt,source-document03881.txt,0.41903457719958914
suspicious-document08690.txt,source-document10043.txt,0.43340857787810383
suspicious-document08692.txt,source-document02812.txt,0.4153343647928486
suspicious-document08693.txt,source-document02846.txt,0.4278449938628792
suspicious-document08694.txt,source-document04659.txt,0.4125042473666327
suspicious-document08696.txt,source-document01127.txt,0.4191126279863481
suspicious-document08697.txt,source-document06534.txt,0.4177897574123989
suspicious-document08700.txt,source-document10289.txt,0.4273417721518987
suspicious-document08705.txt,source-document03892.txt,0.4220152413209145
suspicious-document08707.txt,source-document02935.txt,0.42405498281786946
suspicious-document08708.txt,source-document08813.txt,0.42288390766142525
suspicious-document08709.txt,source-document06924.txt,0.421882866252727
suspicious-document08710.txt,source-document10749.txt,0.4263565891472868
suspicious-document08717.txt,source-document02160.txt,0.3992055610724925
suspicious-document08720.txt,source-document07432.txt,0.42839484372240866
suspicious-document08722.txt,source-document09653.txt,0.42296385958844895
suspicious-document08725.txt,source-document06021.txt,0.42192633581186234
suspicious-document08729.txt,source-document06953.txt,0.4267901674385465
suspicious-document08730.txt,source-document10527.txt,0.41739752998031143
suspicious-document08731.txt,source-document01907.txt,0.41938846421125786
suspicious-document08733.txt,source-document01922.txt,0.4219989423585404
suspicious-document08734.txt,source-document00241.txt,0.42081368954077175
suspicious-document08735.txt,source-document00540.txt,0.4191361611466202
suspicious-document08736.txt,source-document10522.txt,0.42206803181587405
suspicious-document08740.txt,source-document06248.txt,0.42193808882907136
suspicious-document08743.txt,source-document02653.txt,0.40013978682509177
suspicious-document08745.txt,source-document09799.txt,0.4154182797508837
suspicious-document08748.txt,source-document05404.txt,0.40793489318413023
suspicious-document08752.txt,source-document06811.txt,0.421176076394706
suspicious-document08754.txt,source-document03527.txt,0.4234061135371179
suspicious-document08756.txt,source-document01284.txt,0.41409847679773293
suspicious-document08758.txt,source-document03860.txt,0.4208206171583587
suspicious-document08759.txt,source-document06343.txt,0.42363473589973144
suspicious-document08760.txt,source-document01398.txt,0.41872254139912135
suspicious-document08764.txt,source-document01433.txt,0.42032252470955433
suspicious-document08768.txt,source-document02786.txt,0.41288782816229114
suspicious-document08769.txt,source-document10139.txt,0.42609719186144285
suspicious-document08772.txt,source-document08649.txt,0.4239821336540114
suspicious-document08777.txt,source-document07938.txt,0.4263221639079532
suspicious-document08779.txt,source-document04247.txt,0.4284982060481804
suspicious-document08784.txt,source-document10737.txt,0.4257860530476023
suspicious-document08785.txt,source-document06384.txt,0.41689944134078216
suspicious-document08786.txt,source-document09344.txt,0.41648973814578905
suspicious-document08789.txt,source-document02670.txt,0.4238907849829352
suspicious-document08790.txt,source-document08961.txt,0.4250467925812489
suspicious-document08791.txt,source-document05917.txt,0.43294030950626383
suspicious-document08792.txt,source-document00502.txt,0.41693589525590885
suspicious-document08798.txt,source-document00463.txt,0.4191163210099188
suspicious-document08802.txt,source-document00520.txt,0.4196980096087852
suspicious-document08803.txt,source-document03883.txt,0.4027567658429988
suspicious-document08804.txt,source-document00077.txt,0.4261908769567413
suspicious-document08805.txt,source-document02972.txt,0.4196582837396813
suspicious-document08806.txt,source-document09382.txt,0.42847270214236355
suspicious-document08807.txt,source-document00384.txt,0.41734417344173447
suspicious-document08809.txt,source-document08878.txt,0.4212179375327169
suspicious-document08813.txt,source-document08694.txt,0.41328286304198214
suspicious-document08815.txt,source-document01974.txt,0.4240208877284596
suspicious-document08821.txt,source-document01221.txt,0.42964554242749725
suspicious-document08824.txt,source-document04877.txt,0.41630901287553645
suspicious-document08825.txt,source-document04414.txt,0.4237970253718285
suspicious-document08828.txt,source-document04454.txt,0.4248210023866349
suspicious-document08829.txt,source-document00280.txt,0.42184154175588856
suspicious-document08832.txt,source-document01080.txt,0.41844607931096356
suspicious-document08834.txt,source-document01675.txt,0.4133172330515784
suspicious-document08835.txt,source-document02117.txt,0.41782531194295897
suspicious-document08837.txt,source-document02877.txt,0.42745497791369347
suspicious-document08841.txt,source-document03002.txt,0.41341396371632766
suspicious-document08851.txt,source-document03304.txt,0.42730953257269044
suspicious-document08856.txt,source-document03304.txt,0.41330868761552675
suspicious-document08860.txt,source-document03880.txt,0.42430555555555555
suspicious-document08862.txt,source-document07364.txt,0.4150431983737083
suspicious-document08863.txt,source-document08017.txt,0.42560435818862785
suspicious-document08869.txt,source-document05962.txt,0.42023608768971327
suspicious-document08875.txt,source-document09516.txt,0.4223134839151265
suspicious-document08876.txt,source-document07170.txt,0.4171736485312011
suspicious-document08877.txt,source-document10082.txt,0.420669325472516
suspicious-document08878.txt,source-document03966.txt,0.41555635577961825
suspicious-document08884.txt,source-document03693.txt,0.4126595558664102
suspicious-document08885.txt,source-document05435.txt,0.4210707522809434
suspicious-document08886.txt,source-document09781.txt,0.420042643923241
suspicious-document08890.txt,source-document03636.txt,0.4244493768140687
suspicious-document08893.txt,source-document08406.txt,0.4189896942051023
suspicious-document08903.txt,source-document07698.txt,0.42039757994814175
suspicious-document08904.txt,source-document10055.txt,0.42318742606050364
suspicious-document08905.txt,source-document00996.txt,0.4178766735809919
suspicious-document08907.txt,source-document02072.txt,0.4185800070646415
suspicious-document08908.txt,source-document04920.txt,0.42482993197278907
suspicious-document08914.txt,source-document08951.txt,0.4157989228007182
suspicious-document08915.txt,source-document02786.txt,0.4139784946236558
suspicious-document08917.txt,source-document00408.txt,0.42808033291116343
suspicious-document08918.txt,source-document01698.txt,0.4182267749911692
suspicious-document08920.txt,source-document06738.txt,0.4222863937489384
suspicious-document08924.txt,source-document03540.txt,0.42151162790697666
suspicious-document08930.txt,source-document06151.txt,0.4230230930720784
suspicious-document08931.txt,source-document00384.txt,0.4175972927241963
suspicious-document08932.txt,source-document06905.txt,0.42318634423897583
suspicious-document08933.txt,source-document06917.txt,0.4260772659732541
suspicious-document08934.txt,source-document06244.txt,0.4165336171722548
suspicious-document08936.txt,source-document03256.txt,0.4156378600823045
suspicious-document08937.txt,source-document00771.txt,0.41925741694794816
suspicious-document08941.txt,source-document06203.txt,0.42214297843436926
suspicious-document08942.txt,source-document01901.txt,0.41941816883812244
suspicious-document08943.txt,source-document01696.txt,0.42271746944644145
suspicious-document08944.txt,source-document00309.txt,0.4194214876033058
suspicious-document08945.txt,source-document01213.txt,0.41630678873726035
suspicious-document08946.txt,source-document09916.txt,0.40944614339109753
suspicious-document08949.txt,source-document02862.txt,0.41426146010186765
suspicious-document08950.txt,source-document00257.txt,0.42879719051799825
suspicious-document08955.txt,source-document00970.txt,0.42426404995539696
suspicious-document08958.txt,source-document08179.txt,0.41699103063124043
suspicious-document08960.txt,source-document02972.txt,0.4199438202247191
suspicious-document08961.txt,source-document05108.txt,0.41921858500527986
suspicious-document08963.txt,source-document01896.txt,0.4182658137882018
suspicious-document08965.txt,source-document00857.txt,0.41669614432260343
suspicious-document08967.txt,source-document00153.txt,0.4185967878275571
suspicious-document08968.txt,source-document01080.txt,0.4112149532710281
suspicious-document08969.txt,source-document01540.txt,0.4227172249617412
suspicious-document08971.txt,source-document09720.txt,0.4196319018404908
suspicious-document08973.txt,source-document06474.txt,0.42114445219818564
suspicious-document08975.txt,source-document02072.txt,0.41364974883076383
suspicious-document08976.txt,source-document10160.txt,0.4257408975444539
suspicious-document08977.txt,source-document05799.txt,0.4248210023866349
suspicious-document08982.txt,source-document02053.txt,0.42406380027739254
suspicious-document08985.txt,source-document04226.txt,0.4176389842141386
suspicious-document08986.txt,source-document07234.txt,0.423150233928262
suspicious-document08987.txt,source-document00281.txt,0.41930887068044176
suspicious-document08988.txt,source-document02031.txt,0.42450388265746336
suspicious-document08990.txt,source-document00257.txt,0.4196732471068755
suspicious-document08991.txt,source-document01652.txt,0.427316001464665
suspicious-document08993.txt,source-document00473.txt,0.41985666841461283
suspicious-document08994.txt,source-document09088.txt,0.4060783595752472
suspicious-document09004.txt,source-document00686.txt,0.418266735858848
suspicious-document09005.txt,source-document06536.txt,0.4145306399592599
suspicious-document09006.txt,source-document00795.txt,0.42281044590513417
suspicious-document09007.txt,source-document06534.txt,0.42276999467990783
suspicious-document09008.txt,source-document03573.txt,0.42506720430107525
suspicious-document09009.txt,source-document08873.txt,0.4244339125855714
suspicious-document09011.txt,source-document04695.txt,0.42332689267521517
suspicious-document09012.txt,source-document04014.txt,0.41931290622098416
suspicious-document09013.txt,source-document07697.txt,0.42389662695083064
suspicious-document09014.txt,source-document03848.txt,0.41659216878240657
suspicious-document09015.txt,source-document05139.txt,0.4203866432337434
suspicious-document09016.txt,source-document04762.txt,0.41471233338957314
suspicious-document09017.txt,source-document09684.txt,0.4180853011166026
suspicious-document09020.txt,source-document02721.txt,0.42651098901098905
suspicious-document09024.txt,source-document09734.txt,0.420884389984017
suspicious-document09026.txt,source-document00167.txt,0.4156479217603912
suspicious-document09027.txt,source-document06811.txt,0.421341129179609
suspicious-document09030.txt,source-document06422.txt,0.39006836991723637
suspicious-document09031.txt,source-document08357.txt,0.41541681199860475
suspicious-document09033.txt,source-document01163.txt,0.42955145118733506
suspicious-document09037.txt,source-document09733.txt,0.4102840704782452
suspicious-document09039.txt,source-document01823.txt,0.42743127401714454
suspicious-document09040.txt,source-document04872.txt,0.4191780821917808
suspicious-document09041.txt,source-document02950.txt,0.41604807352421347
suspicious-document09042.txt,source-document05108.txt,0.4165022421524663
suspicious-document09043.txt,source-document04687.txt,0.42227378190255216
suspicious-document09045.txt,source-document04454.txt,0.41713091922005574
suspicious-document09046.txt,source-document03372.txt,0.4206943498978897
suspicious-document09047.txt,source-document07680.txt,0.42155362910079897
suspicious-document09054.txt,source-document04153.txt,0.42457122856142804
suspicious-document09055.txt,source-document06612.txt,0.42646809950922326
suspicious-document09056.txt,source-document00349.txt,0.4220735785953177
suspicious-document09058.txt,source-document07794.txt,0.425473321858864
suspicious-document09059.txt,source-document01255.txt,0.4312845303867403
suspicious-document09061.txt,source-document04795.txt,0.41834799103293674
suspicious-document09064.txt,source-document06352.txt,0.40968540120183805
suspicious-document09066.txt,source-document05709.txt,0.40871839581517
suspicious-document09067.txt,source-document09089.txt,0.41900205058099793
suspicious-document09068.txt,source-document04067.txt,0.4153166421207658
suspicious-document09069.txt,source-document00569.txt,0.4199025046226257
suspicious-document09076.txt,source-document00031.txt,0.4191026512576479
suspicious-document09077.txt,source-document00131.txt,0.41816593886462883
suspicious-document09079.txt,source-document05313.txt,0.42220294882914133
suspicious-document09080.txt,source-document09382.txt,0.4169392948018902
suspicious-document09083.txt,source-document05983.txt,0.4291920069504778
suspicious-document09084.txt,source-document08479.txt,0.4148380355276908
suspicious-document09095.txt,source-document03902.txt,0.41728813559322037
suspicious-document09099.txt,source-document04304.txt,0.42605928655166636
suspicious-document09101.txt,source-document04663.txt,0.4245084269662921
suspicious-document09102.txt,source-document01201.txt,0.41587246577716164
suspicious-document09105.txt,source-document06309.txt,0.4215106160807518
suspicious-document09106.txt,source-document08410.txt,0.4187142376304275
suspicious-document09110.txt,source-document00575.txt,0.4211621856027754
suspicious-document09111.txt,source-document09516.txt,0.42540969758405134
suspicious-document09115.txt,source-document00004.txt,0.4269055264492141
suspicious-document09116.txt,source-document06018.txt,0.4228694714131608
suspicious-document09119.txt,source-document10416.txt,0.42801120448179275
suspicious-document09121.txt,source-document04872.txt,0.41797140912185154
suspicious-document09123.txt,source-document10461.txt,0.417680744452398
suspicious-document09124.txt,source-document10662.txt,0.4176623376623376
suspicious-document09126.txt,source-document03757.txt,0.4248564674096589
suspicious-document09127.txt,source-document07335.txt,0.41937716262975777
suspicious-document09129.txt,source-document04019.txt,0.4124619031493396
suspicious-document09132.txt,source-document07483.txt,0.41784989858012167
suspicious-document09134.txt,source-document10549.txt,0.4225352112676056
suspicious-document09137.txt,source-document07806.txt,0.42609949531362656
suspicious-document09140.txt,source-document03851.txt,0.4143955276030747
suspicious-document09143.txt,source-document00053.txt,0.3843283582089553
suspicious-document09145.txt,source-document00679.txt,0.42116040955631395
suspicious-document09147.txt,source-document00537.txt,0.4208191126279863
suspicious-document09149.txt,source-document06384.txt,0.4088858035404373
suspicious-document09152.txt,source-document06317.txt,0.41063464837049746
suspicious-document09153.txt,source-document01127.txt,0.4217474379016849
suspicious-document09157.txt,source-document05245.txt,0.4158691491212807
suspicious-document09161.txt,source-document07292.txt,0.4129824561403509
suspicious-document09165.txt,source-document04775.txt,0.40190711636941545
suspicious-document09166.txt,source-document05141.txt,0.4241889985895627
suspicious-document09167.txt,source-document09605.txt,0.4279820627802691
suspicious-document09169.txt,source-document06950.txt,0.41670911869587374
suspicious-document09170.txt,source-document00254.txt,0.4083452211126961
suspicious-document09173.txt,source-document10577.txt,0.4164623467600701
suspicious-document09177.txt,source-document11091.txt,0.41863013698630136
suspicious-document09179.txt,source-document07102.txt,0.4226170140075163
suspicious-document09181.txt,source-document08509.txt,0.4176720475785897
suspicious-document09183.txt,source-document06422.txt,0.3937823834196891
suspicious-document09185.txt,source-document03573.txt,0.4152703403005701
suspicious-document09186.txt,source-document03848.txt,0.4135708227311281
suspicious-document09188.txt,source-document01314.txt,0.4246598932323058
suspicious-document09190.txt,source-document10010.txt,0.4248332478193946
suspicious-document09193.txt,source-document01251.txt,0.4249212460623031
suspicious-document09198.txt,source-document07806.txt,0.4247444483609447
suspicious-document09199.txt,source-document05548.txt,0.4281739130434783
suspicious-document09201.txt,source-document10055.txt,0.41705668226729065
suspicious-document09202.txt,source-document00763.txt,0.4209621993127147
suspicious-document09205.txt,source-document04153.txt,0.42873134328358214
suspicious-document09208.txt,source-document00153.txt,0.4180555555555555
suspicious-document09210.txt,source-document06018.txt,0.42824995672494365
suspicious-document09213.txt,source-document02334.txt,0.41833810888252154
suspicious-document09216.txt,source-document07675.txt,0.4267167748548001
suspicious-document09217.txt,source-document10155.txt,0.4322281394949321
suspicious-document09218.txt,source-document00469.txt,0.43242332322210986
suspicious-document09219.txt,source-document04580.txt,0.4171632896305125
suspicious-document09220.txt,source-document05769.txt,0.4183050847457627
suspicious-document09224.txt,source-document10183.txt,0.5706570657065706
suspicious-document09228.txt,source-document08147.txt,0.41737940472117685
suspicious-document09231.txt,source-document00907.txt,0.41432314410480353
suspicious-document09232.txt,source-document08259.txt,0.40914731430597406
suspicious-document09233.txt,source-document05799.txt,0.4188738817751272
suspicious-document09234.txt,source-document00779.txt,0.4170411648391156
suspicious-document09237.txt,source-document00349.txt,0.4266432953549518
suspicious-document09238.txt,source-document01348.txt,0.4283662477558349
suspicious-document09239.txt,source-document09292.txt,0.4181266846361186
suspicious-document09240.txt,source-document04099.txt,0.42518891687657434
suspicious-document09241.txt,source-document08543.txt,0.42485831541919095
suspicious-document09243.txt,source-document08223.txt,0.4190182999828972
suspicious-document09244.txt,source-document09058.txt,0.41747211895910785
suspicious-document09245.txt,source-document10964.txt,0.4245810055865922
suspicious-document09248.txt,source-document02786.txt,0.40849730106216264
suspicious-document09254.txt,source-document10549.txt,0.42144937467877325
suspicious-document09255.txt,source-document01482.txt,0.4237603655440852
suspicious-document09256.txt,source-document00803.txt,0.42224820444295974
suspicious-document09259.txt,source-document08211.txt,0.42216817234190407
suspicious-document09261.txt,source-document07440.txt,0.4283154121863799
suspicious-document09263.txt,source-document03210.txt,0.4249212460623031
suspicious-document09264.txt,source-document02296.txt,0.42774768478070946
suspicious-document09266.txt,source-document03499.txt,0.42237120677487655
suspicious-document09269.txt,source-document04486.txt,0.42508710801393723
suspicious-document09270.txt,source-document08183.txt,0.41682274816958964
suspicious-document09271.txt,source-document06490.txt,0.42259563818376833
suspicious-document09272.txt,source-document06592.txt,0.41716738197424896
suspicious-document09276.txt,source-document00153.txt,0.4203508771929825
suspicious-document09282.txt,source-document06592.txt,0.420128335021952
suspicious-document09283.txt,source-document01652.txt,0.430546190155091
suspicious-document09286.txt,source-document00763.txt,0.41583818992115185
suspicious-document09287.txt,source-document10416.txt,0.426792916009118
suspicious-document09288.txt,source-document03304.txt,0.4197700360391282
suspicious-document09290.txt,source-document10857.txt,0.42260442260442266
suspicious-document09291.txt,source-document10094.txt,0.41515591007976793
suspicious-document09292.txt,source-document04780.txt,0.40942615578341424
suspicious-document09293.txt,source-document00540.txt,0.4196732471068755
suspicious-document09298.txt,source-document06848.txt,0.40756517294257966
suspicious-document09301.txt,source-document02072.txt,0.4188738817751272
suspicious-document09308.txt,source-document00477.txt,0.42177336528586096
suspicious-document09311.txt,source-document09473.txt,0.418323249783924
suspicious-document09314.txt,source-document10307.txt,0.42049981890619337
suspicious-document09316.txt,source-document01127.txt,0.41905737704918034
suspicious-document09317.txt,source-document00018.txt,0.4215311874886343
suspicious-document09319.txt,source-document00763.txt,0.4256455921638468
suspicious-document09320.txt,source-document05580.txt,0.4188735546437896
suspicious-document09321.txt,source-document08048.txt,0.4176460568897973
suspicious-document09323.txt,source-document06815.txt,0.42473615997037584
suspicious-document09326.txt,source-document01823.txt,0.4192788548650118
suspicious-document09328.txt,source-document02822.txt,0.4131406948744411
suspicious-document09335.txt,source-document07822.txt,0.4198376916140667
suspicious-document09338.txt,source-document04762.txt,0.4167832167832168
suspicious-document09339.txt,source-document11090.txt,0.4255606137244984
suspicious-document09341.txt,source-document10712.txt,0.4221598877980364
suspicious-document09342.txt,source-document00082.txt,0.41672623302358824
suspicious-document09345.txt,source-document00654.txt,0.41058887088060503
suspicious-document09346.txt,source-document08000.txt,0.4176375694568919
suspicious-document09348.txt,source-document06650.txt,0.4151404151404151
suspicious-document09351.txt,source-document10992.txt,0.42136190805392326
suspicious-document09353.txt,source-document02670.txt,0.4151846785225718
suspicious-document09357.txt,source-document09209.txt,0.4075039082855654
suspicious-document09358.txt,source-document00153.txt,0.4156329651656755
suspicious-document09361.txt,source-document08634.txt,0.4090204854536065
suspicious-document09367.txt,source-document10097.txt,0.4159415245388096
suspicious-document09368.txt,source-document01722.txt,0.4237867395762132
suspicious-document09370.txt,source-document01945.txt,0.4227532817233255
suspicious-document09372.txt,source-document04500.txt,0.41806363325350676
suspicious-document09376.txt,source-document05525.txt,0.4175072661993503
suspicious-document09377.txt,source-document01722.txt,0.4217975937721161
suspicious-document09378.txt,source-document09013.txt,0.42380869261651244
suspicious-document09379.txt,source-document08497.txt,0.4279881217520416
suspicious-document09385.txt,source-document09889.txt,0.4113188479029814
suspicious-document09390.txt,source-document06384.txt,0.4223385689354275
suspicious-document09395.txt,source-document03080.txt,0.41248206599713055
suspicious-document09396.txt,source-document06404.txt,0.4214586255259467
suspicious-document09397.txt,source-document02072.txt,0.41934922568296507
suspicious-document09398.txt,source-document09377.txt,0.4226514157134821
suspicious-document09400.txt,source-document09889.txt,0.4109109984262983
suspicious-document09403.txt,source-document06807.txt,0.4159145330631793
suspicious-document09406.txt,source-document08242.txt,0.42037569808766284
suspicious-document09407.txt,source-document06775.txt,0.41447605329492254
suspicious-document09408.txt,source-document08223.txt,0.42250169952413313
suspicious-document09410.txt,source-document04153.txt,0.4126984126984127
suspicious-document09414.txt,source-document01652.txt,0.4346133427711909
suspicious-document09417.txt,source-document03942.txt,0.43090167648391486
suspicious-document09421.txt,source-document06371.txt,0.4119140294466068
suspicious-document09422.txt,source-document07160.txt,0.4259227759823099
suspicious-document09423.txt,source-document09614.txt,0.42124147829207037
suspicious-document09425.txt,source-document03278.txt,0.42401242021735386
suspicious-document09428.txt,source-document04153.txt,0.4165118679050568
suspicious-document09434.txt,source-document06931.txt,0.41326980765837307
suspicious-document09435.txt,source-document04151.txt,0.42245711315196677
suspicious-document09436.txt,source-document05155.txt,0.4155198776758409
suspicious-document09438.txt,source-document08259.txt,0.411522633744856
suspicious-document09441.txt,source-document00967.txt,0.41948207854570396
suspicious-document09442.txt,source-document09377.txt,0.4281197693881347
suspicious-document09446.txt,source-document02053.txt,0.4147727272727273
suspicious-document09450.txt,source-document10762.txt,0.4185476815398075
suspicious-document09452.txt,source-document00967.txt,0.4305127740532705
suspicious-document09454.txt,source-document08961.txt,0.41731289449954917
suspicious-document09456.txt,source-document01798.txt,0.41796806457273206
suspicious-document09457.txt,source-document00227.txt,0.41872427983539096
suspicious-document09458.txt,source-document05752.txt,0.4181523500810373
suspicious-document09465.txt,source-document10212.txt,0.40382678751258816
suspicious-document09468.txt,source-document09109.txt,0.4193826521814106
suspicious-document09469.txt,source-document06384.txt,0.42686776569624696
suspicious-document09472.txt,source-document02998.txt,0.4319830178666195
suspicious-document09474.txt,source-document04920.txt,0.4189044038668099
suspicious-document09476.txt,source-document01127.txt,0.4145586897179254
suspicious-document09478.txt,source-document02976.txt,0.4137341988384011
suspicious-document09479.txt,source-document01776.txt,0.43176178660049624
suspicious-document09480.txt,source-document02252.txt,0.4245350500715308
suspicious-document09481.txt,source-document03437.txt,0.4227498228206945
suspicious-document09482.txt,source-document09088.txt,0.4119837508463101
suspicious-document09485.txt,source-document04713.txt,0.4215464813205908
suspicious-document09487.txt,source-document08045.txt,0.42586323628977657
suspicious-document09489.txt,source-document02571.txt,0.4195035460992907
suspicious-document09492.txt,source-document09370.txt,0.4273383829487405
suspicious-document09496.txt,source-document06738.txt,0.42414913630921836
suspicious-document09498.txt,source-document01925.txt,0.42027194066749074
suspicious-document09504.txt,source-document04278.txt,0.42297650130548303
suspicious-document09505.txt,source-document00970.txt,0.4225067385444744
suspicious-document09506.txt,source-document07230.txt,0.4184012594017842
suspicious-document09507.txt,source-document06384.txt,0.42699303076661566
suspicious-document09509.txt,source-document00960.txt,0.4166952937135006
suspicious-document09510.txt,source-document04247.txt,0.42128157938765265
suspicious-document09511.txt,source-document09364.txt,0.4072677408296195
suspicious-document09512.txt,source-document00795.txt,0.4152693542632894
suspicious-document09515.txt,source-document01989.txt,0.42145593869731796
suspicious-document09517.txt,source-document02896.txt,0.4216105317148231
suspicious-document09518.txt,source-document06263.txt,0.41786447638603696
suspicious-document09519.txt,source-document08045.txt,0.42062511036553063
suspicious-document09521.txt,source-document08259.txt,0.4258152637869216
suspicious-document09523.txt,source-document00153.txt,0.4182872739679291
suspicious-document09527.txt,source-document01922.txt,0.4109109984262983
suspicious-document09528.txt,source-document00470.txt,0.4195323246217332
suspicious-document09529.txt,source-document06203.txt,0.4252525252525252
suspicious-document09530.txt,source-document04659.txt,0.4204287955377375
suspicious-document09533.txt,source-document08179.txt,0.4298167585838819
suspicious-document09538.txt,source-document03002.txt,0.4185139209079624
suspicious-document09539.txt,source-document03416.txt,0.41726618705035967
suspicious-document09540.txt,source-document06266.txt,0.426792916009118
suspicious-document09541.txt,source-document00254.txt,0.423202333962588
suspicious-document09543.txt,source-document01350.txt,0.4236782012998419
suspicious-document09547.txt,source-document04877.txt,0.41977391597772906
suspicious-document09548.txt,source-document05435.txt,0.4241803278688525
suspicious-document09550.txt,source-document04695.txt,0.4247321271737221
suspicious-document09557.txt,source-document01395.txt,0.4289267945984364
suspicious-document09558.txt,source-document00452.txt,0.41655313351498635
suspicious-document09561.txt,source-document02072.txt,0.4328512396694215
suspicious-document09562.txt,source-document02976.txt,0.4233368907861971
suspicious-document09563.txt,source-document08223.txt,0.42011212333566933
suspicious-document09564.txt,source-document02701.txt,0.41792154675590254
suspicious-document09565.txt,source-document10002.txt,0.4122839279146745
suspicious-document09569.txt,source-document04659.txt,0.41698841698841704
suspicious-document09570.txt,source-document02072.txt,0.432295719844358
suspicious-document09571.txt,source-document04756.txt,0.42044460003500783
suspicious-document09572.txt,source-document02072.txt,0.42097461552714466
suspicious-document09576.txt,source-document02670.txt,0.418809201623816
suspicious-document09577.txt,source-document05286.txt,0.41655359565807326
suspicious-document09578.txt,source-document02462.txt,0.41627705627705625
suspicious-document09580.txt,source-document00849.txt,0.42967486976827746
suspicious-document09581.txt,source-document10859.txt,0.42903062087633226
suspicious-document09582.txt,source-document07023.txt,0.4325078479246599
suspicious-document09587.txt,source-document02322.txt,0.42011834319526625
suspicious-document09589.txt,source-document01251.txt,0.4237830554151929
suspicious-document09593.txt,source-document03693.txt,0.42660234321157814
suspicious-document09595.txt,source-document01694.txt,0.41287419968852745
suspicious-document09597.txt,source-document07728.txt,0.4195423174718489
suspicious-document09600.txt,source-document04356.txt,0.41429640718562877
suspicious-document09602.txt,source-document09801.txt,0.41694036300777865
suspicious-document09603.txt,source-document00057.txt,0.4214718614718615
suspicious-document09608.txt,source-document02172.txt,0.42032085561497323
suspicious-document09609.txt,source-document01360.txt,0.4124777183600713
suspicious-document09610.txt,source-document03917.txt,0.41662226957911563
suspicious-document09611.txt,source-document09370.txt,0.40078236130867706
suspicious-document09612.txt,source-document01197.txt,0.41868758915834525
suspicious-document09614.txt,source-document05526.txt,0.42408687068114514
suspicious-document09616.txt,source-document06466.txt,0.42228739002932547
suspicious-document09619.txt,source-document10584.txt,0.42182325257103015
suspicious-document09621.txt,source-document09995.txt,0.41493775933609955
suspicious-document09623.txt,source-document03690.txt,0.42915642915642915
suspicious-document09626.txt,source-document03851.txt,0.4199531784620925
suspicious-document09627.txt,source-document06266.txt,0.42620024986614313
suspicious-document09632.txt,source-document01127.txt,0.4276940256839754
suspicious-document09633.txt,source-document05101.txt,0.42281527995813706
suspicious-document09634.txt,source-document06165.txt,0.41961756373937675
suspicious-document09639.txt,source-document04815.txt,0.4157208199220735
suspicious-document09641.txt,source-document09089.txt,0.42155688622754495
suspicious-document09643.txt,source-document10044.txt,0.4236613603473227
suspicious-document09647.txt,source-document01103.txt,0.4278449938628792
suspicious-document09652.txt,source-document05783.txt,0.4311926605504587
suspicious-document09653.txt,source-document06150.txt,0.4194966040751099
suspicious-document09657.txt,source-document04992.txt,0.4134419551934827
suspicious-document09658.txt,source-document10312.txt,0.41978329255505065
suspicious-document09659.txt,source-document06022.txt,0.420081603689906
suspicious-document09661.txt,source-document01826.txt,0.4184129165235314
suspicious-document09664.txt,source-document00757.txt,0.42218064296649094
suspicious-document09666.txt,source-document05689.txt,0.41185487991824216
suspicious-document09676.txt,source-document01348.txt,0.4324887191947241
suspicious-document09678.txt,source-document09122.txt,0.4126817306008057
suspicious-document09680.txt,source-document08857.txt,0.42714932126696836
suspicious-document09681.txt,source-document04695.txt,0.4203886805318786
suspicious-document09685.txt,source-document00970.txt,0.42534546680148305
suspicious-document09688.txt,source-document06332.txt,0.40651772215689563
suspicious-document09690.txt,source-document10513.txt,0.4195903829029386
suspicious-document09692.txt,source-document00608.txt,0.4171032617880682
suspicious-document09693.txt,source-document10964.txt,0.42105263157894735
suspicious-document09697.txt,source-document11057.txt,0.4166829841394165
suspicious-document09702.txt,source-document01284.txt,0.41445452988525433
suspicious-document09707.txt,source-document05965.txt,0.41003049813622505
suspicious-document09708.txt,source-document03651.txt,0.419047619047619
suspicious-document09710.txt,source-document02072.txt,0.4158382476832351
suspicious-document09715.txt,source-document08430.txt,0.42743974380583183
suspicious-document09717.txt,source-document08638.txt,0.4095586952729809
suspicious-document09718.txt,source-document00803.txt,0.42137198719029156
suspicious-document09720.txt,source-document06022.txt,0.420589851621176
suspicious-document09722.txt,source-document04473.txt,0.414651493598862
suspicious-document09723.txt,source-document10331.txt,0.4269776876267748
suspicious-document09727.txt,source-document02160.txt,0.41542506573181415
suspicious-document09728.txt,source-document07873.txt,0.41937163686859924
suspicious-document09730.txt,source-document09214.txt,0.418732782369146
suspicious-document09731.txt,source-document05548.txt,0.4198988195615514
suspicious-document09732.txt,source-document04519.txt,0.4256828662646328
suspicious-document09733.txt,source-document00166.txt,0.4234676007005254
suspicious-document09734.txt,source-document00795.txt,0.4157051833993456
suspicious-document09735.txt,source-document03757.txt,0.4096477794793262
suspicious-document09736.txt,source-document00681.txt,0.41435389782570264
suspicious-document09739.txt,source-document08768.txt,0.41495652173913045
suspicious-document09740.txt,source-document10312.txt,0.42540871934604907
suspicious-document09741.txt,source-document00251.txt,0.4137700534759359
suspicious-document09742.txt,source-document04037.txt,0.4241486068111455
suspicious-document09744.txt,source-document08259.txt,0.42488347077805666
suspicious-document09745.txt,source-document02784.txt,0.4146845915201654
suspicious-document09748.txt,source-document03883.txt,0.42183968005564254
suspicious-document09749.txt,source-document08986.txt,0.42343637670740475
suspicious-document09751.txt,source-document10988.txt,0.42015951128457496
suspicious-document09756.txt,source-document08259.txt,0.42787625999304835
suspicious-document09757.txt,source-document09033.txt,0.4161212538753014
suspicious-document09758.txt,source-document10910.txt,0.41389987958025126
suspicious-document09759.txt,source-document05917.txt,0.42512939496698204
suspicious-document09761.txt,source-document05917.txt,0.41845607808340723
suspicious-document09766.txt,source-document08951.txt,0.42253020611229564
suspicious-document09767.txt,source-document08182.txt,0.417607223476298
suspicious-document09772.txt,source-document09523.txt,0.4211965811965812
suspicious-document09778.txt,source-document06257.txt,0.41845694003362593
suspicious-document09779.txt,source-document01826.txt,0.42808219178082196
suspicious-document09781.txt,source-document01348.txt,0.41917196358014086
suspicious-document09783.txt,source-document04327.txt,0.41951219512195126
suspicious-document09784.txt,source-document10242.txt,0.4246913580246914
suspicious-document09786.txt,source-document06384.txt,0.4134098907205038
suspicious-document09789.txt,source-document09886.txt,0.43075321069073236
suspicious-document09790.txt,source-document06534.txt,0.42028985507246375
suspicious-document09791.txt,source-document01950.txt,0.4230136986301369
suspicious-document09792.txt,source-document09688.txt,0.41892591953030567
suspicious-document09793.txt,source-document10698.txt,0.4285458131611978
suspicious-document09795.txt,source-document00857.txt,0.4193659545141281
suspicious-document09798.txt,source-document00877.txt,0.41479479817598375
suspicious-document09800.txt,source-document01518.txt,0.4302424139684692
suspicious-document09803.txt,source-document09799.txt,0.42129939718687204
suspicious-document09806.txt,source-document01282.txt,0.42292630829476685
suspicious-document09810.txt,source-document07873.txt,0.4241171403962102
suspicious-document09811.txt,source-document06720.txt,0.42082429501084595
suspicious-document09812.txt,source-document11091.txt,0.42352941176470593
suspicious-document09816.txt,source-document01477.txt,0.42151213549851585
suspicious-document09817.txt,source-document01844.txt,0.4185788304959289
suspicious-document09823.txt,source-document08611.txt,0.4115212142117972
suspicious-document09827.txt,source-document10312.txt,0.4190248891919536
suspicious-document09829.txt,source-document07246.txt,0.4155798378568911
suspicious-document09831.txt,source-document00326.txt,0.42493321460374
suspicious-document09832.txt,source-document02072.txt,0.4231641374498517
suspicious-document09834.txt,source-document02976.txt,0.4190782422293676
suspicious-document09836.txt,source-document01169.txt,0.42540728537433653
suspicious-document09837.txt,source-document05249.txt,0.41292850146914795
suspicious-document09839.txt,source-document00608.txt,0.417661550123176
suspicious-document09840.txt,source-document07292.txt,0.41583094555873923
suspicious-document09842.txt,source-document05885.txt,0.42639059484120023
suspicious-document09845.txt,source-document01348.txt,0.4186704384724187
suspicious-document09850.txt,source-document09251.txt,0.4122553191489362
suspicious-document09852.txt,source-document06533.txt,0.4316764953664701
suspicious-document09853.txt,source-document10493.txt,0.42235357334766255
suspicious-document09854.txt,source-document04967.txt,0.4211643956821801
suspicious-document09855.txt,source-document04659.txt,0.42152312188413277
suspicious-document09857.txt,source-document10283.txt,0.4099091071110319
suspicious-document09858.txt,source-document03576.txt,0.41737032569360677
suspicious-document09859.txt,source-document11040.txt,0.41489720256150997
suspicious-document09860.txt,source-document04659.txt,0.41845831148400625
suspicious-document09863.txt,source-document06764.txt,0.4234049812350733
suspicious-document09864.txt,source-document07479.txt,0.42929205079144195
suspicious-document09866.txt,source-document00857.txt,0.4205525250747845
suspicious-document09872.txt,source-document01930.txt,0.4149452128615053
suspicious-document09878.txt,source-document05567.txt,0.42632893328576527
suspicious-document09881.txt,source-document06775.txt,0.4278285816747355
suspicious-document09882.txt,source-document01177.txt,0.39336978810663026
suspicious-document09883.txt,source-document08958.txt,0.42833221701272606
suspicious-document09888.txt,source-document00031.txt,0.42513319860371124
suspicious-document09890.txt,source-document02755.txt,0.41942530667114775
suspicious-document09891.txt,source-document04486.txt,0.4213588909806606
suspicious-document09895.txt,source-document08483.txt,0.41698308595098377
suspicious-document09896.txt,source-document06533.txt,0.41508795669824083
suspicious-document09898.txt,source-document06384.txt,0.41815347306426465
suspicious-document09899.txt,source-document00890.txt,0.4238634443129965
suspicious-document09902.txt,source-document09789.txt,0.42253032928942813
suspicious-document09904.txt,source-document04779.txt,0.4170800850460667
suspicious-document09905.txt,source-document07548.txt,0.41889985895627646
suspicious-document09907.txt,source-document06666.txt,0.42141623488773744
suspicious-document09910.txt,source-document02971.txt,0.42192571222502706
suspicious-document09912.txt,source-document10577.txt,0.4251798561151079
suspicious-document09913.txt,source-document06919.txt,0.411044003451251
suspicious-document09917.txt,source-document10262.txt,0.4273895440943496
suspicious-document09918.txt,source-document01284.txt,0.4224267782426778
suspicious-document09919.txt,source-document00214.txt,0.42361227570015086
suspicious-document09920.txt,source-document10109.txt,0.4191425013342821
suspicious-document09921.txt,source-document00763.txt,0.42964996568291014
suspicious-document09923.txt,source-document10003.txt,0.4291905009533716
suspicious-document09924.txt,source-document04625.txt,0.42555366269165246
suspicious-document09925.txt,source-document04743.txt,0.427293457288195
suspicious-document09927.txt,source-document08373.txt,0.4278862624186365
suspicious-document09930.txt,source-document10293.txt,0.4186130726054681
suspicious-document09931.txt,source-document05525.txt,0.4220216606498195
suspicious-document09934.txt,source-document04877.txt,0.4142984807864164
suspicious-document09938.txt,source-document01932.txt,0.42716319824753557
suspicious-document09939.txt,source-document06642.txt,0.41688199827734707
suspicious-document09943.txt,source-document06953.txt,0.4177279673968416
suspicious-document09945.txt,source-document03304.txt,0.421293042867182
suspicious-document09946.txt,source-document02734.txt,0.4218978102189781
suspicious-document09950.txt,source-document09297.txt,0.4209737827715357
suspicious-document09953.txt,source-document09112.txt,0.42818336162988113
suspicious-document09954.txt,source-document08016.txt,0.4150375939849624
suspicious-document09958.txt,source-document07453.txt,0.4181787349499746
suspicious-document09959.txt,source-document03535.txt,0.4146174863387978
suspicious-document09960.txt,source-document07317.txt,0.41786988279259385
suspicious-document09962.txt,source-document09377.txt,0.4228011890190593
suspicious-document09963.txt,source-document05743.txt,0.42372592466337144
suspicious-document09967.txt,source-document07490.txt,0.4173117522871217
suspicious-document09972.txt,source-document03304.txt,0.4175862672972499
suspicious-document09973.txt,source-document00862.txt,0.4289478306692429
suspicious-document09975.txt,source-document10750.txt,0.4262068965517242
suspicious-document09976.txt,source-document06403.txt,0.42431548131565355
suspicious-document09977.txt,source-document02032.txt,0.4250400142272808
suspicious-document09980.txt,source-document06263.txt,0.4225941422594143
suspicious-document09981.txt,source-document08502.txt,0.4234550561797753
suspicious-document09982.txt,source-document04519.txt,0.42890526694229736
suspicious-document09987.txt,source-document00926.txt,0.4141218005295675
suspicious-document09992.txt,source-document07246.txt,0.4185139209079624
suspicious-document09997.txt,source-document06018.txt,0.42197125256673507
suspicious-document09998.txt,source-document00765.txt,0.42589019470268374
suspicious-document10004.txt,source-document06851.txt,0.4223409756938459
suspicious-document10005.txt,source-document00900.txt,0.43102855177158583
suspicious-document10009.txt,source-document09404.txt,0.4251040221914009
suspicious-document10012.txt,source-document03693.txt,0.4181172891668075
suspicious-document10016.txt,source-document02642.txt,0.42161418000344175
suspicious-document10018.txt,source-document02724.txt,0.4370922646784716
suspicious-document10020.txt,source-document09801.txt,0.4205145680695178
suspicious-document10021.txt,source-document10606.txt,0.42441663848495087
suspicious-document10023.txt,source-document09685.txt,0.4119544914246901
suspicious-document10024.txt,source-document07292.txt,0.42429312364062244
suspicious-document10025.txt,source-document09789.txt,0.4263085399449036
suspicious-document10027.txt,source-document03381.txt,0.419859130733551
suspicious-document10029.txt,source-document06244.txt,0.4235970250169034
suspicious-document10030.txt,source-document04892.txt,0.4158822522676707
suspicious-document10031.txt,source-document09201.txt,0.42862010221465074
suspicious-document10032.txt,source-document06238.txt,0.4157363104731526
suspicious-document10033.txt,source-document00280.txt,0.4067311134980308
suspicious-document10035.txt,source-document09139.txt,0.42053206002728516
suspicious-document10036.txt,source-document10935.txt,0.4165103189493433
suspicious-document10038.txt,source-document05791.txt,0.4135617164047325
suspicious-document10040.txt,source-document02072.txt,0.4271348218851202
suspicious-document10041.txt,source-document02031.txt,0.42720763723150357
suspicious-document10042.txt,source-document10419.txt,0.4188191881918819
suspicious-document10043.txt,source-document09154.txt,0.42041023902356334
suspicious-document10047.txt,source-document10831.txt,0.420138273355788
suspicious-document10049.txt,source-document02232.txt,0.42373178866069866
suspicious-document10051.txt,source-document01983.txt,0.41407355021216413
suspicious-document10052.txt,source-document00057.txt,0.4245350500715308
suspicious-document10053.txt,source-document10737.txt,0.4200257684520523
suspicious-document10054.txt,source-document00795.txt,0.41401933701657456
suspicious-document10056.txt,source-document09516.txt,0.4268355296936506
suspicious-document10058.txt,source-document09603.txt,0.4274916505537001
suspicious-document10062.txt,source-document04904.txt,0.4254807692307693
suspicious-document10063.txt,source-document04179.txt,0.426829268292683
suspicious-document10065.txt,source-document06422.txt,0.41683848797250855
suspicious-document10068.txt,source-document01006.txt,0.43197050938337805
suspicious-document10071.txt,source-document07085.txt,0.41870824053452116
suspicious-document10073.txt,source-document07542.txt,0.41826761038085614
suspicious-document10076.txt,source-document01132.txt,0.4129888769285971
suspicious-document10077.txt,source-document09937.txt,0.4204182913860334
suspicious-document10080.txt,source-document08438.txt,0.4184173669467787
suspicious-document10081.txt,source-document11013.txt,0.4195070791819612
suspicious-document10082.txt,source-document02072.txt,0.4211647727272727
suspicious-document10083.txt,source-document01127.txt,0.4238203029775379
suspicious-document10084.txt,source-document10213.txt,0.4273533424283765
suspicious-document10088.txt,source-document00926.txt,0.4221673138016237
suspicious-document10091.txt,source-document01685.txt,0.4208914596801632
suspicious-document10092.txt,source-document03540.txt,0.4175013178703215
suspicious-document10093.txt,source-document11003.txt,0.4228301249577845
suspicious-document10095.txt,source-document05791.txt,0.4306284939861088
suspicious-document10102.txt,source-document10570.txt,0.41266632979619333
suspicious-document10108.txt,source-document05406.txt,0.42392260334212833
suspicious-document10109.txt,source-document10312.txt,0.4271032921093886
suspicious-document10111.txt,source-document01127.txt,0.4222655557525261
suspicious-document10114.txt,source-document01433.txt,0.4243986254295533
suspicious-document10116.txt,source-document08986.txt,0.4214450559204687
suspicious-document10118.txt,source-document06399.txt,0.41488577745025795
suspicious-document10120.txt,source-document00189.txt,0.41926244181883277
suspicious-document10124.txt,source-document09607.txt,0.4086719016729259
suspicious-document10127.txt,source-document01911.txt,0.4075498077595247
suspicious-document10128.txt,source-document05951.txt,0.41694036300777865
suspicious-document10130.txt,source-document07160.txt,0.4230176400068505
suspicious-document10132.txt,source-document02160.txt,0.42342826437399256
suspicious-document10133.txt,source-document05014.txt,0.41153632834165277
suspicious-document10136.txt,source-document01080.txt,0.41748131109833236
suspicious-document10137.txt,source-document01751.txt,0.4246939861628526
suspicious-document10138.txt,source-document08624.txt,0.42110951008645536
suspicious-document10140.txt,source-document08211.txt,0.42977881675957563
suspicious-document10141.txt,source-document11057.txt,0.4191729323308271
suspicious-document10143.txt,source-document05569.txt,0.4243276498505889
suspicious-document10144.txt,source-document00446.txt,0.41937716262975777
suspicious-document10145.txt,source-document06650.txt,0.40764989662301865
suspicious-document10146.txt,source-document06244.txt,0.41400832177531216
suspicious-document10148.txt,source-document02414.txt,0.4164621483858788
suspicious-document10150.txt,source-document01127.txt,0.42291704319537327
suspicious-document10154.txt,source-document01751.txt,0.42638558313498803
suspicious-document10155.txt,source-document02072.txt,0.42562055198750215
suspicious-document10157.txt,source-document10109.txt,0.4247302620311697
suspicious-document10162.txt,source-document00408.txt,0.41921548297909106
suspicious-document10163.txt,source-document04687.txt,0.42228242465289534
suspicious-document10165.txt,source-document02976.txt,0.42580409356725146
suspicious-document10168.txt,source-document02226.txt,0.42346594740391097
suspicious-document10170.txt,source-document05885.txt,0.41989137813985067
suspicious-document10171.txt,source-document07630.txt,0.4180193324822178
suspicious-document10172.txt,source-document06334.txt,0.4167681335884502
suspicious-document10173.txt,source-document01433.txt,0.4255171215018251
suspicious-document10178.txt,source-document01248.txt,0.4221346582148364
suspicious-document10181.txt,source-document05580.txt,0.42148337595907925
suspicious-document10187.txt,source-document02296.txt,0.4263539151431528
suspicious-document10189.txt,source-document10531.txt,0.41672401927047487
suspicious-document10192.txt,source-document03069.txt,0.4276315789473685
suspicious-document10193.txt,source-document05871.txt,0.42607142857142855
suspicious-document10205.txt,source-document08813.txt,0.42627391230743183
suspicious-document10206.txt,source-document03050.txt,0.4011413225914736
suspicious-document10208.txt,source-document04088.txt,0.41217634709587125
suspicious-document10213.txt,source-document02160.txt,0.4192
suspicious-document10214.txt,source-document07225.txt,0.42661305063059773
suspicious-document10217.txt,source-document06872.txt,0.4191390842051106
suspicious-document10220.txt,source-document05525.txt,0.41809079924046266
suspicious-document10221.txt,source-document10030.txt,0.42120395327942495
suspicious-document10222.txt,source-document00608.txt,0.4229800100789518
suspicious-document10225.txt,source-document06300.txt,0.41225829989055085
suspicious-document10227.txt,source-document00575.txt,0.40680368532955347
suspicious-document10228.txt,source-document07358.txt,0.4052803017315275
suspicious-document10229.txt,source-document01054.txt,0.420812894183602
suspicious-document10232.txt,source-document03011.txt,0.4093236800282536
suspicious-document10233.txt,source-document05055.txt,0.4127276071362884
suspicious-document10234.txt,source-document03304.txt,0.431273218507261
suspicious-document10236.txt,source-document00679.txt,0.4163951294803636
suspicious-document10238.txt,source-document09377.txt,0.42046276211135214
suspicious-document10239.txt,source-document00795.txt,0.4186888808402752
suspicious-document10240.txt,source-document09528.txt,0.42939274164570607
suspicious-document10241.txt,source-document07205.txt,0.41580633677465295
suspicious-document10244.txt,source-document07465.txt,0.4183568236507391
suspicious-document10246.txt,source-document03832.txt,0.42487394957983193
suspicious-document10247.txt,source-document00970.txt,0.4240370898716119
suspicious-document10250.txt,source-document05872.txt,0.42238648363252373
suspicious-document10251.txt,source-document06259.txt,0.4201275202481474
suspicious-document10258.txt,source-document09838.txt,0.41796806457273206
suspicious-document10259.txt,source-document00060.txt,0.4267593397046047
suspicious-document10263.txt,source-document06796.txt,0.4124303327140686
suspicious-document10266.txt,source-document03427.txt,0.41200269723533384
suspicious-document10267.txt,source-document04529.txt,0.40662598081952916
suspicious-document10270.txt,source-document06368.txt,0.4270436831611383
suspicious-document10274.txt,source-document02786.txt,0.4179884957294754
suspicious-document10275.txt,source-document09223.txt,0.4196203594826138
suspicious-document10277.txt,source-document00963.txt,0.4101248503506072
suspicious-document10281.txt,source-document06536.txt,0.43059287121619205
suspicious-document10284.txt,source-document08045.txt,0.40231700895208
suspicious-document10288.txt,source-document01116.txt,0.4233602244826377
suspicious-document10291.txt,source-document05997.txt,0.42119847592656734
suspicious-document10294.txt,source-document00077.txt,0.4234049812350733
suspicious-document10295.txt,source-document09088.txt,0.42642540116080574
suspicious-document10297.txt,source-document04192.txt,0.4285714285714286
suspicious-document10299.txt,source-document01507.txt,0.42588438308886967
suspicious-document10300.txt,source-document05561.txt,0.42090878032114803
suspicious-document10301.txt,source-document09404.txt,0.4223820382389054
suspicious-document10303.txt,source-document04007.txt,0.42998585572842996
suspicious-document10304.txt,source-document05175.txt,0.4162316888365044
suspicious-document10305.txt,source-document10043.txt,0.41933216168717047
suspicious-document10308.txt,source-document04780.txt,0.4164092001373155
suspicious-document10314.txt,source-document07563.txt,0.420458433116661
suspicious-document10316.txt,source-document00789.txt,0.41938997821350765
suspicious-document10318.txt,source-document07985.txt,0.4112275955360162
suspicious-document10319.txt,source-document04178.txt,0.4254930606281958
suspicious-document10321.txt,source-document04756.txt,0.4175673357351175
suspicious-document10322.txt,source-document06384.txt,0.42269263336155805
suspicious-document10325.txt,source-document08148.txt,0.42686890574214525
suspicious-document10327.txt,source-document01322.txt,0.41401501608866637
suspicious-document10328.txt,source-document04099.txt,0.42253014216303764
suspicious-document10329.txt,source-document08312.txt,0.4225004408393581
suspicious-document10331.txt,source-document04669.txt,0.4164614843475201
suspicious-document10332.txt,source-document06128.txt,0.40316344463971876
suspicious-document10335.txt,source-document08593.txt,0.4200138504155124
suspicious-document10336.txt,source-document05726.txt,0.41670894638931166
suspicious-document10337.txt,source-document09088.txt,0.4159554084654241
suspicious-document10339.txt,source-document09586.txt,0.40895410082769
suspicious-document10340.txt,source-document04713.txt,0.41672623302358824
suspicious-document10341.txt,source-document07740.txt,0.41833095577746077
suspicious-document10342.txt,source-document06248.txt,0.42522093813732154
suspicious-document10343.txt,source-document05271.txt,0.4214035087719298
suspicious-document10344.txt,source-document00920.txt,0.41948207854570396
suspicious-document10349.txt,source-document03279.txt,0.41669758812615953
suspicious-document10350.txt,source-document07873.txt,0.4093141713661998
suspicious-document10352.txt,source-document04099.txt,0.42262372348782407
suspicious-document10353.txt,source-document06953.txt,0.42002063983488136
suspicious-document10355.txt,source-document11064.txt,0.4178321678321678
suspicious-document10356.txt,source-document09507.txt,0.42619578261614954
suspicious-document10357.txt,source-document01444.txt,0.4216669706365128
suspicious-document10362.txt,source-document09344.txt,0.40574569959212625
suspicious-document10363.txt,source-document04153.txt,0.42837606837606834
suspicious-document10372.txt,source-document10082.txt,0.42060953022394343
suspicious-document10373.txt,source-document09115.txt,0.5940381728500965
suspicious-document10374.txt,source-document10262.txt,0.4275668073136427
suspicious-document10376.txt,source-document00153.txt,0.4123010906490256
suspicious-document10377.txt,source-document09720.txt,0.42451636232146084
suspicious-document10394.txt,source-document07740.txt,0.4249008449732713
suspicious-document10395.txt,source-document05564.txt,0.41249326871297787
suspicious-document10396.txt,source-document04209.txt,0.41632231404958675
suspicious-document10397.txt,source-document08147.txt,0.42618384401114207
suspicious-document10403.txt,source-document02471.txt,0.4190543153454034
suspicious-document10404.txt,source-document05743.txt,0.4204173133298844
suspicious-document10405.txt,source-document04192.txt,0.4365079365079365
suspicious-document10406.txt,source-document00506.txt,0.4068747807786741
suspicious-document10408.txt,source-document02657.txt,0.42603550295857984
suspicious-document10410.txt,source-document10956.txt,0.4174122505161735
suspicious-document10411.txt,source-document06673.txt,0.42872265349329575
suspicious-document10415.txt,source-document08148.txt,0.4188311688311688
suspicious-document10416.txt,source-document02447.txt,0.4206766917293233
suspicious-document10421.txt,source-document00161.txt,0.42194530979577705
suspicious-document10425.txt,source-document01922.txt,0.4209621993127147
suspicious-document10426.txt,source-document05155.txt,0.41486392184228893
suspicious-document10428.txt,source-document10586.txt,0.4239647577092511
suspicious-document10432.txt,source-document04454.txt,0.4264275256222547
suspicious-document10433.txt,source-document05548.txt,0.42194825490536547
suspicious-document10436.txt,source-document00384.txt,0.41185076810534016
suspicious-document10438.txt,source-document08436.txt,0.4128943758573388
suspicious-document10440.txt,source-document05885.txt,0.4261003596506251
suspicious-document10441.txt,source-document00026.txt,0.4259978806075592
suspicious-document10443.txt,source-document10614.txt,0.4197660206041558
suspicious-document10446.txt,source-document08440.txt,0.409671848013817
suspicious-document10451.txt,source-document10317.txt,0.4164282107389329
suspicious-document10455.txt,source-document09033.txt,0.4254723582925123
suspicious-document10457.txt,source-document10212.txt,0.3950365459799422
suspicious-document10458.txt,source-document04695.txt,0.4185883997204753
suspicious-document10460.txt,source-document01213.txt,0.4179996484443663
suspicious-document10467.txt,source-document10606.txt,0.4256782575468093
suspicious-document10468.txt,source-document07246.txt,0.4264756055953599
suspicious-document10471.txt,source-document00803.txt,0.4241391067166723
suspicious-document10473.txt,source-document00657.txt,0.4159519725557461
suspicious-document10474.txt,source-document03304.txt,0.4184865413915693
suspicious-document10475.txt,source-document00280.txt,0.4069434502505369
suspicious-document10476.txt,source-document03848.txt,0.41753015118056735
suspicious-document10477.txt,source-document03172.txt,0.41641817225048233
suspicious-document10478.txt,source-document00349.txt,0.41692150866462796
suspicious-document10479.txt,source-document07395.txt,0.41186986056489094
suspicious-document10480.txt,source-document08737.txt,0.42594519597641345
suspicious-document10482.txt,source-document02032.txt,0.4213523131672597
suspicious-document10484.txt,source-document01864.txt,0.41305474011397
suspicious-document10486.txt,source-document04606.txt,0.4160683760683761
suspicious-document10487.txt,source-document00970.txt,0.4348573392918529
suspicious-document10488.txt,source-document02721.txt,0.4286464717212397
suspicious-document10489.txt,source-document03002.txt,0.4177761784814682
suspicious-document10491.txt,source-document08147.txt,0.4167092924126172
suspicious-document10495.txt,source-document04628.txt,0.424757694269682
suspicious-document10498.txt,source-document01607.txt,0.41417268661850704
suspicious-document10499.txt,source-document05332.txt,0.41774891774891776
suspicious-document10501.txt,source-document00309.txt,0.4214347450302507
suspicious-document10505.txt,source-document04699.txt,0.42226086956521736
suspicious-document10506.txt,source-document09088.txt,0.4223471539002108
suspicious-document10507.txt,source-document00679.txt,0.41998577524893305
suspicious-document10508.txt,source-document04691.txt,0.41941391941391937
suspicious-document10509.txt,source-document11093.txt,0.42174388909157245
suspicious-document10512.txt,source-document07630.txt,0.4264654264654265
suspicious-document10514.txt,source-document00974.txt,0.41992730382723964
suspicious-document10517.txt,source-document10083.txt,0.421875
suspicious-document10518.txt,source-document09607.txt,0.4184484891323555
suspicious-document10523.txt,source-document02976.txt,0.41578674052276265
suspicious-document10526.txt,source-document06384.txt,0.4268802228412256
suspicious-document10527.txt,source-document06021.txt,0.4269967780227234
suspicious-document10528.txt,source-document09381.txt,0.41910092705964663
suspicious-document10529.txt,source-document01077.txt,0.4211643956821801
suspicious-document10531.txt,source-document04795.txt,0.4292903001908728
suspicious-document10532.txt,source-document07225.txt,0.41380530973451324
suspicious-document10537.txt,source-document07691.txt,0.4220060382422006
suspicious-document10538.txt,source-document10606.txt,0.4240382910831413
suspicious-document10539.txt,source-document08638.txt,0.42354215562375885
suspicious-document10541.txt,source-document03780.txt,0.42547284400485863
suspicious-document10550.txt,source-document02032.txt,0.4225108225108225
suspicious-document10551.txt,source-document01976.txt,0.4195705737416403
suspicious-document10552.txt,source-document09821.txt,0.42681902201310706
suspicious-document10553.txt,source-document05319.txt,0.4305999290024849
suspicious-document10554.txt,source-document04625.txt,0.42647572476423334
suspicious-document10559.txt,source-document01983.txt,0.4219321148825065
suspicious-document10561.txt,source-document09917.txt,0.4251834157993516
suspicious-document10562.txt,source-document09781.txt,0.42614752634398995
suspicious-document10563.txt,source-document06021.txt,0.4226319595083152
suspicious-document10564.txt,source-document04725.txt,0.4152347209920283
suspicious-document10566.txt,source-document02892.txt,0.43157181571815717
suspicious-document10570.txt,source-document01849.txt,0.41999665607757897
suspicious-document10571.txt,source-document02653.txt,0.42701525054466233
suspicious-document10576.txt,source-document10922.txt,0.42580865993496486
suspicious-document10583.txt,source-document10449.txt,0.4151611760538434
suspicious-document10584.txt,source-document02031.txt,0.4325355532431495
suspicious-document10587.txt,source-document10565.txt,0.4127254168084382
suspicious-document10596.txt,source-document09118.txt,0.4152394267738553
suspicious-document10601.txt,source-document09884.txt,0.3943932411674347
suspicious-document10604.txt,source-document06052.txt,0.4141045683515719
suspicious-document10605.txt,source-document06039.txt,0.42127215849843597
suspicious-document10610.txt,source-document09424.txt,0.426822961558352
suspicious-document10611.txt,source-document10055.txt,0.41718001368925395
suspicious-document10614.txt,source-document00201.txt,0.41628801118490033
suspicious-document10615.txt,source-document05951.txt,0.4252154808179821
suspicious-document10617.txt,source-document08372.txt,0.42360633172746043
suspicious-document10622.txt,source-document01976.txt,0.35635894125242096
suspicious-document10624.txt,source-document06710.txt,0.41869095816464236
suspicious-document10630.txt,source-document08534.txt,0.4170957775489187
suspicious-document10633.txt,source-document01566.txt,0.4278571428571428
suspicious-document10634.txt,source-document10269.txt,0.41539634146341464
suspicious-document10636.txt,source-document03738.txt,0.4153536708012069
suspicious-document10638.txt,source-document02972.txt,0.4320545609548168
suspicious-document10639.txt,source-document01479.txt,0.4196213425129087
suspicious-document10642.txt,source-document07246.txt,0.42033667743581027
suspicious-document10644.txt,source-document02572.txt,0.4252995066948555
suspicious-document10645.txt,source-document01255.txt,0.4262068965517242
suspicious-document10648.txt,source-document10406.txt,0.42313233175550524
suspicious-document10650.txt,source-document07926.txt,0.4147512864493996
suspicious-document10654.txt,source-document04204.txt,0.4228829768735872
suspicious-document10655.txt,source-document03694.txt,0.4224089635854342
suspicious-document10657.txt,source-document00795.txt,0.4192821224206693
suspicious-document10658.txt,source-document03304.txt,0.4148122982843554
suspicious-document10659.txt,source-document05562.txt,0.41961387322740473
suspicious-document10660.txt,source-document08259.txt,0.4237202230106437
suspicious-document10661.txt,source-document05435.txt,0.4245216158752658
suspicious-document10662.txt,source-document09194.txt,0.4168260038240918
suspicious-document10665.txt,source-document05245.txt,0.4179847165452284
suspicious-document10670.txt,source-document03724.txt,0.40952552769258527
suspicious-document10671.txt,source-document05423.txt,0.40777349639805666
suspicious-document10672.txt,source-document10317.txt,0.42010839095496166
suspicious-document10675.txt,source-document03860.txt,0.41742724298260725
suspicious-document10676.txt,source-document07377.txt,0.42531008448678775
suspicious-document10677.txt,source-document00153.txt,0.41110176619007566
suspicious-document10680.txt,source-document09088.txt,0.4272325375773651
suspicious-document10681.txt,source-document09382.txt,0.4161373390557939
suspicious-document10682.txt,source-document02412.txt,0.412221471978393
suspicious-document10683.txt,source-document10586.txt,0.4161028416779432
suspicious-document10684.txt,source-document06384.txt,0.42604556273376404
suspicious-document10686.txt,source-document07680.txt,0.41425852223568094
suspicious-document10687.txt,source-document10293.txt,0.42678243446318254
suspicious-document10688.txt,source-document00737.txt,0.422065647018388
suspicious-document10690.txt,source-document05271.txt,0.42971887550200805
suspicious-document10691.txt,source-document02784.txt,0.4119072343371408
suspicious-document10695.txt,source-document01433.txt,0.4130288784419073
suspicious-document10696.txt,source-document08193.txt,0.4232394366197183
suspicious-document10697.txt,source-document04988.txt,0.4109445799930289
suspicious-document10698.txt,source-document11064.txt,0.4214792299898683
suspicious-document10701.txt,source-document00477.txt,0.42286689419795226
suspicious-document10703.txt,source-document03881.txt,0.41048637461193516
suspicious-document10707.txt,source-document11091.txt,0.41747401796723627
suspicious-document10708.txt,source-document07214.txt,0.41794195250659627
suspicious-document10709.txt,source-document05116.txt,0.4195172773050877
suspicious-document10711.txt,source-document06474.txt,0.41506751954513144
suspicious-document10712.txt,source-document06855.txt,0.6568840579710143
suspicious-document10713.txt,source-document08312.txt,0.4218583125667498
suspicious-document10716.txt,source-document06371.txt,0.4211655345012514
suspicious-document10718.txt,source-document00856.txt,0.4204287955377375
suspicious-document10719.txt,source-document09088.txt,0.4224806201550388
suspicious-document10720.txt,source-document06918.txt,0.42097974727367155
suspicious-document10723.txt,source-document10616.txt,0.4266268879358568
suspicious-document10724.txt,source-document01667.txt,0.4180130629082159
suspicious-document10725.txt,source-document02651.txt,0.4147717558557018
suspicious-document10726.txt,source-document03342.txt,0.42648824841310684
suspicious-document10728.txt,source-document08283.txt,0.43190661478599224
suspicious-document10730.txt,source-document06268.txt,0.42002734107997264
suspicious-document10733.txt,source-document09344.txt,0.4143607705779334
suspicious-document10734.txt,source-document05797.txt,0.42929806714140384
suspicious-document10736.txt,source-document02072.txt,0.41627379081543564
suspicious-document10738.txt,source-document06536.txt,0.42002830856334034
suspicious-document10744.txt,source-document07389.txt,0.42331396372600805
suspicious-document10746.txt,source-document02072.txt,0.4219130434782608
suspicious-document10747.txt,source-document03699.txt,0.4259555555555556
suspicious-document10756.txt,source-document09639.txt,0.4145441770595468
suspicious-document10757.txt,source-document10125.txt,0.4144827586206896
suspicious-document10758.txt,source-document09298.txt,0.4262968669748331
suspicious-document10762.txt,source-document04151.txt,0.4354404841963685
suspicious-document10763.txt,source-document04710.txt,0.4176651831564533
suspicious-document10764.txt,source-document09112.txt,0.4176318063958513
suspicious-document10767.txt,source-document09832.txt,0.41688199827734707
suspicious-document10772.txt,source-document06811.txt,0.40977253580454925
suspicious-document10774.txt,source-document06764.txt,0.4213075060532687
suspicious-document10777.txt,source-document10668.txt,0.42553191489361697
suspicious-document10778.txt,source-document05670.txt,0.41730279898218825
suspicious-document10779.txt,source-document00752.txt,0.4233224081421425
suspicious-document10780.txt,source-document06490.txt,0.42683390345876093
suspicious-document10782.txt,source-document04699.txt,0.42620736237757517
suspicious-document10783.txt,source-document06151.txt,0.41872254139912135
suspicious-document10784.txt,source-document11057.txt,0.41315789473684206
suspicious-document10785.txt,source-document01255.txt,0.4204234972677595
suspicious-document10786.txt,source-document02555.txt,0.4171607952563655
suspicious-document10787.txt,source-document04137.txt,0.4180300500834725
suspicious-document10788.txt,source-document02202.txt,0.41944641589779985
suspicious-document10789.txt,source-document10416.txt,0.42129712345899584
suspicious-document10790.txt,source-document06592.txt,0.41901408450704225
suspicious-document10797.txt,source-document02052.txt,0.426563598032326
suspicious-document10799.txt,source-document08223.txt,0.42082507656278145
suspicious-document10803.txt,source-document09614.txt,0.4209390178089585
suspicious-document10809.txt,source-document10762.txt,0.4176341914857817
suspicious-document10811.txt,source-document07205.txt,0.4176083656603137
suspicious-document10815.txt,source-document00877.txt,0.4184744576627012
suspicious-document10817.txt,source-document07214.txt,0.41624187027597115
suspicious-document10819.txt,source-document05316.txt,0.42161974278762604
suspicious-document10821.txt,source-document07218.txt,0.4173337974242952
suspicious-document10822.txt,source-document07432.txt,0.4234592445328032
suspicious-document10826.txt,source-document04053.txt,0.4258307639602603
suspicious-document10827.txt,source-document10710.txt,0.42197802197802203
suspicious-document10829.txt,source-document09011.txt,0.42137198719029156
suspicious-document10830.txt,source-document08183.txt,0.42798070296347346
suspicious-document10831.txt,source-document00900.txt,0.41463414634146345
suspicious-document10836.txt,source-document10609.txt,0.4231985940246046
suspicious-document10838.txt,source-document02072.txt,0.42004048582995956
suspicious-document10846.txt,source-document09603.txt,0.42216849544355584
suspicious-document10848.txt,source-document03651.txt,0.4188408334792506
suspicious-document10849.txt,source-document10857.txt,0.4345289171100052
suspicious-document10853.txt,source-document04897.txt,0.4166246003701835
suspicious-document10855.txt,source-document04877.txt,0.416333622936577
suspicious-document10856.txt,source-document07150.txt,0.42276720351390923
suspicious-document10861.txt,source-document07327.txt,0.41452767592107564
suspicious-document10863.txt,source-document10043.txt,0.42112506451057974
suspicious-document10866.txt,source-document09382.txt,0.42130919220055707
suspicious-document10867.txt,source-document02972.txt,0.4207827721756965
suspicious-document10875.txt,source-document07377.txt,0.4254807692307693
suspicious-document10876.txt,source-document01314.txt,0.4147543770185279
suspicious-document10879.txt,source-document08183.txt,0.42571764310894744
suspicious-document10882.txt,source-document06263.txt,0.4238856181665265
suspicious-document10883.txt,source-document05872.txt,0.4229090274140038
suspicious-document10894.txt,source-document10586.txt,0.42333557498318763
suspicious-document10897.txt,source-document00970.txt,0.41991416309012874
suspicious-document10898.txt,source-document06021.txt,0.4235090751944684
suspicious-document10904.txt,source-document02353.txt,0.42965427990386396
suspicious-document10908.txt,source-document08406.txt,0.4209621993127147
suspicious-document10909.txt,source-document10992.txt,0.4260042283298098
suspicious-document10910.txt,source-document05682.txt,0.42160830547246175
suspicious-document10911.txt,source-document05920.txt,0.419949281487743
suspicious-document10913.txt,source-document03848.txt,0.42315864022662886
suspicious-document10914.txt,source-document06836.txt,0.42746515229736703
suspicious-document10918.txt,source-document06022.txt,0.4180075935635509
suspicious-document10920.txt,source-document07740.txt,0.42413611647079463
suspicious-document10922.txt,source-document03535.txt,0.417022792022792
suspicious-document10923.txt,source-document05769.txt,0.435717419921018
suspicious-document10926.txt,source-document04333.txt,0.4304347826086956
suspicious-document10932.txt,source-document06861.txt,0.4323398424117848
suspicious-document10933.txt,source-document03335.txt,0.4218207088255733
suspicious-document10934.txt,source-document05071.txt,0.4306136680613668
suspicious-document10935.txt,source-document09995.txt,0.4251242015613911
suspicious-document10936.txt,source-document06317.txt,0.4044330775788576
suspicious-document10938.txt,source-document10662.txt,0.42654364797728883
suspicious-document10940.txt,source-document09748.txt,0.4259290683862209
suspicious-document10941.txt,source-document09581.txt,0.41159220286355014
suspicious-document10942.txt,source-document05148.txt,0.4221824686940966
suspicious-document10947.txt,source-document04331.txt,0.4272858171346292
suspicious-document10950.txt,source-document05022.txt,0.4137103684661525
suspicious-document10952.txt,source-document02972.txt,0.4242424242424242
suspicious-document10954.txt,source-document02847.txt,0.4131569787678385
suspicious-document10959.txt,source-document07806.txt,0.4172514119459182
suspicious-document10962.txt,source-document00214.txt,0.4194823867721064
suspicious-document10964.txt,source-document09889.txt,0.41276595744680855
suspicious-document10968.txt,source-document10933.txt,0.42009602194787377
suspicious-document10969.txt,source-document03172.txt,0.41416050867846704
suspicious-document10975.txt,source-document07561.txt,0.41600807129645206
suspicious-document10976.txt,source-document00926.txt,0.42132505175983437
suspicious-document10981.txt,source-document06018.txt,0.42365217391304344
suspicious-document10982.txt,source-document10082.txt,0.4254445964432284
suspicious-document10986.txt,source-document06957.txt,0.4209932279909706
suspicious-document10987.txt,source-document08059.txt,0.41627866873598895
suspicious-document10990.txt,source-document07336.txt,0.4336014298480786
suspicious-document10992.txt,source-document02683.txt,0.42214297843436926
suspicious-document10994.txt,source-document00176.txt,0.42507180266936984
suspicious-document10995.txt,source-document09397.txt,0.4157303370786517
suspicious-document10996.txt,source-document01408.txt,0.418620455317703
suspicious-document10997.txt,source-document08558.txt,0.4076909382232509
suspicious-document10999.txt,source-document08986.txt,0.43878447215879146
suspicious-document11000.txt,source-document00452.txt,0.4078297872340425
suspicious-document11002.txt,source-document00121.txt,0.42084456424079064
suspicious-document11005.txt,source-document06343.txt,0.41963231573621185
suspicious-document11007.txt,source-document08259.txt,0.4217547460236018
suspicious-document11008.txt,source-document04019.txt,0.4165347405452946
suspicious-document11010.txt,source-document03304.txt,0.42174150154517365
suspicious-document11011.txt,source-document03902.txt,0.41768871998618073
suspicious-document11012.txt,source-document06490.txt,0.4225739848589127
suspicious-document11013.txt,source-document05618.txt,0.419195483415667
suspicious-document11018.txt,source-document00430.txt,0.42260442260442266
suspicious-document11019.txt,source-document01257.txt,0.4207718299839943
suspicious-document11023.txt,source-document02072.txt,0.4181787349499746
suspicious-document11024.txt,source-document08113.txt,0.41926053310404127
suspicious-document11025.txt,source-document00926.txt,0.4183211424590735
suspicious-document11027.txt,source-document05621.txt,0.42545584554880234
suspicious-document11029.txt,source-document02072.txt,0.423394330821672
suspicious-document11032.txt,source-document06150.txt,0.4156329651656755
suspicious-document11040.txt,source-document00161.txt,0.412573673870334
suspicious-document11042.txt,source-document03675.txt,0.4266848816029144
suspicious-document11044.txt,source-document00153.txt,0.42076895436579226
suspicious-document11045.txt,source-document01266.txt,0.4155707522356654
suspicious-document11047.txt,source-document00469.txt,0.4348281277264002
suspicious-document11049.txt,source-document05885.txt,0.416810196348605
suspicious-document11051.txt,source-document10586.txt,0.41974025974025975
suspicious-document11052.txt,source-document01197.txt,0.42331040064751113
suspicious-document11054.txt,source-document08107.txt,0.3889075630252101
suspicious-document11058.txt,source-document01657.txt,0.4187175043327557
suspicious-document11059.txt,source-document04988.txt,0.4143865083462399
suspicious-document11060.txt,source-document10125.txt,0.43026471750296325
suspicious-document11062.txt,source-document08638.txt,0.41492903451901175
suspicious-document11064.txt,source-document06537.txt,0.4109541853255253
suspicious-document11065.txt,source-document00653.txt,0.4225208368770199
suspicious-document11074.txt,source-document09209.txt,0.4095875925273176
suspicious-document11075.txt,source-document03392.txt,0.4209780297661233
suspicious-document11077.txt,source-document07806.txt,0.42738799661876586
suspicious-document11079.txt,source-document04266.txt,0.40993788819875776
suspicious-document11081.txt,source-document08083.txt,0.4111805810959912
suspicious-document11082.txt,source-document06642.txt,0.4133499910762092
suspicious-document11083.txt,source-document08114.txt,0.42199006679225887
suspicious-document11092.txt,source-document07234.txt,0.4259490286936375
